Llistat del pla docent per estudi;;;;;;;;;;;;;;;;;;;;;;;;;;;;;;;;;;;;;;;;;;;;;;;;;;;;;;
Centre: ;;;6 - Facultat de Ciències, Tecnologia i Enginyeries;;;;;;;;;;;;;;;;;;;;;;;;;;;;;;;;;;;;;;;;;;;;;;;;;;;
Estudi: ;;;Tots;;;;;;;;;;;;;;;;;;;;;;;;;;;;;;;;;;;;;;;;;;;;;;;;;;;
Curs acadèmic: ;;;2025;;;;;;;;;;;;;;;;;;;;;;;;;;;;;;;;;;;;;;;;;;;;;;;;;;;
;;;;;;;;;;;;;;;;;;;;;;;;;;;;;;;;;;;;;;;;;;;;;;;;;;;;;;
Identificador element;Centre;Descripció del Centre;Pla;Descripció del Pla;Codi de l'assignatura;Assignatura;Curs;Tipus de l?assignatura;Crèdits ECTS;Classe;Categoria;Tipologia;Grup;Observacions;Estudiants matriculats;places;Estudiants previstos assignatura;Estudiants màxim propis grup;Hores previstes per grup;Tipus del període;Valor del període;Torn;Idioma;Modalitat;Matricula Out;Altres plans de l?assignatura;Criteri d?assignació;Grup pare;EstudiGrup pare;Macrogrups fills;Matriculats fills;Identificador elementFill1;Identificador elementFill2;Identificador elementFill3;Identificador elementFill4;Identificador elementFill5;Identificador elementFill6;Identificador elementFill7;Identificador elementFill8;Identificador elementFill9;Identificador elementFill10;Identificador elementFill11;Identificador elementFill12;Identificador elementFill13;Identificador elementFill14;Identificador elementFill15;Identificador elementFill16;Identificador elementFill17;Identificador elementFill18;Identificador elementFill19;Identificador elementFill20;Identificador elementFill21;Identificador elementFill22;Identificador elementFill23
27_13042_11;6;Facultat de Ciències, Tecnologia i Enginyeries;27;Biotecnologia;13042;Química I;1;Normal;6;Formació bàsica;NO ESTÀNDARD;Grup Classe;11; ;67;85;50;85;0;S;1;Torn Matí;Català;Presencial;0;;Alternància;0;30_13419_11;0;0;;;;;;;;;;;;;;;;;;;;;;;
27_13042_12;6;Facultat de Ciències, Tecnologia i Enginyeries;27;Biotecnologia;13042;Química I;1;Normal;6;Formació bàsica;NO ESTÀNDARD;Grup Classe;12; ;0;0;50;0;0;S;1;Torn Matí;Català;Presencial;0;;Alternància;0;30_13419_12;0;0;;;;;;;;;;;;;;;;;;;;;;;
27_13042_13;6;Facultat de Ciències, Tecnologia i Enginyeries;27;Biotecnologia;13042;Química I;1;Normal;6;Formació bàsica;NO ESTÀNDARD;Grup Classe;13; ;21;40;50;40;0;S;1;Torn Matí;Català;Presencial;0;;Alternància;0;30_13419_13;0;0;;;;;;;;;;;;;;;;;;;;;;;
27_13042_8888;6;Facultat de Ciències, Tecnologia i Enginyeries;27;Biotecnologia;13042;Química I;1;Normal;6;Formació bàsica;NO ESTÀNDARD;Examen;8888; ;0;0;50;0;0;S;1;Torn Matí;Català;Presencial;0;;Manual;0;30_13419_8888;0;0;;;;;;;;;;;;;;;;;;;;;;;
27_13043_11;6;Facultat de Ciències, Tecnologia i Enginyeries;27;Biotecnologia;13043;Biologia Vegetal;1;Normal;6;Formació bàsica;NO ESTÀNDARD;Grup Classe;11; ;73;80;40;80;0;S;2;Torn Matí;Català;Presencial;0;;Alternància;0;30_13408_11;0;0;;;;;;;;;;;;;;;;;;;;;;;
27_13043_12;6;Facultat de Ciències, Tecnologia i Enginyeries;27;Biotecnologia;13043;Biologia Vegetal;1;Normal;6;Formació bàsica;NO ESTÀNDARD;Grup Classe;12; ;0;0;40;0;0;S;2;Torn Matí;Català;Presencial;0;;Alternància;0;30_13408_12;0;0;;;;;;;;;;;;;;;;;;;;;;;
27_13044_11;6;Facultat de Ciències, Tecnologia i Enginyeries;27;Biotecnologia;13044;Bioquímica;1;Normal;6;Formació bàsica;NO ESTÀNDARD;Grup Classe;11; ;73;90;40;90;0;S;2;Torn Matí;Català;Presencial;0;;Alternància;0;30_13406_11;0;0;;;;;;;;;;;;;;;;;;;;;;;
27_13044_12;6;Facultat de Ciències, Tecnologia i Enginyeries;27;Biotecnologia;13044;Bioquímica;1;Normal;6;Formació bàsica;NO ESTÀNDARD;Grup Classe;12; ;0;0;40;0;0;S;2;Torn Matí;Català;Presencial;0;;Alternància;0;30_13406_12;0;0;;;;;;;;;;;;;;;;;;;;;;;
27_13044_13;6;Facultat de Ciències, Tecnologia i Enginyeries;27;Biotecnologia;13044;Bioquímica;1;Normal;6;Formació bàsica;NO ESTÀNDARD;Grup Classe;13; ;0;40;40;40;0;S;2;Torn Matí;Català;Presencial;0;;Manual;0;30_13406_13;0;0;;;;;;;;;;;;;;;;;;;;;;;
27_13045_11;6;Facultat de Ciències, Tecnologia i Enginyeries;27;Biotecnologia;13045;Química II;1;Normal;6;Formació bàsica;NO ESTÀNDARD;Grup Classe;11; ;65;75;50;75;0;S;2;Torn Matí;Català;Presencial;0;;Alternància;0;30_13393_11;0;0;;;;;;;;;;;;;;;;;;;;;;;
27_13045_12;6;Facultat de Ciències, Tecnologia i Enginyeries;27;Biotecnologia;13045;Química II;1;Normal;6;Formació bàsica;NO ESTÀNDARD;Grup Classe;12; ;0;0;50;0;0;S;2;Torn Matí;Català;Presencial;0;;Alternància;0;30_13393_12;0;0;;;;;;;;;;;;;;;;;;;;;;;
27_13045_13;6;Facultat de Ciències, Tecnologia i Enginyeries;27;Biotecnologia;13045;Química II;1;Normal;6;Formació bàsica;NO ESTÀNDARD;Grup Classe;13; ;13;40;50;40;0;S;2;Torn Matí;Català;Presencial;0;;Manual;0;30_13393_13;0;0;;;;;;;;;;;;;;;;;;;;;;;
27_13047_11;6;Facultat de Ciències, Tecnologia i Enginyeries;27;Biotecnologia;13047;Fonaments de Física;1;Normal;6;Formació bàsica;NO ESTÀNDARD;Grup Classe;11; ;65;80;50;80;0;S;2;Torn Matí;Català;Presencial;0;;Alternància;0;30_13391_11;0;0;;;;;;;;;;;;;;;;;;;;;;;
27_13047_12;6;Facultat de Ciències, Tecnologia i Enginyeries;27;Biotecnologia;13047;Fonaments de Física;1;Normal;6;Formació bàsica;NO ESTÀNDARD;Grup Classe;12; ;0;0;50;0;0;S;2;Torn Matí;Català;Presencial;0;;Alternància;0;30_13391_12;0;0;;;;;;;;;;;;;;;;;;;;;;;
27_13047_13;6;Facultat de Ciències, Tecnologia i Enginyeries;27;Biotecnologia;13047;Fonaments de Física;1;Normal;6;Formació bàsica;NO ESTÀNDARD;Grup Classe;13; ;16;40;50;40;0;S;2;Torn Matí;Català;Presencial;0;;Manual;0;30_13391_13;0;0;;;;;;;;;;;;;;;;;;;;;;;
27_13049_11;6;Facultat de Ciències, Tecnologia i Enginyeries;27;Biotecnologia;13049;Biologia Animal;1;Normal;6;Formació bàsica;NO ESTÀNDARD;Grup Classe;11; ;67;80;40;80;0;S;2;Torn Matí;Català;Presencial;0;;Alternància;0;30_13368_11;0;0;;;;;;;;;;;;;;;;;;;;;;;
27_13049_12;6;Facultat de Ciències, Tecnologia i Enginyeries;27;Biotecnologia;13049;Biologia Animal;1;Normal;6;Formació bàsica;NO ESTÀNDARD;Grup Classe;12; ;0;0;40;0;0;S;2;Torn Matí;Català;Presencial;0;;Alternància;0;30_13368_12;0;0;;;;;;;;;;;;;;;;;;;;;;;
25_13069_15;6;Facultat de Ciències, Tecnologia i Enginyeries;25;Enginyeria Mecatrònica;13069;Electrotècnia;2;Normal;6;Obligatòria;NO ESTÀNDARD;Grup Classe;15; ;39;45;24;45;200;S;1;Torn Tarda;Català;Presencial;0;;Manual;0;;0;0;;;;;;;;;;;;;;;;;;;;;;;
25_13069_1501;6;Facultat de Ciències, Tecnologia i Enginyeries;25;Enginyeria Mecatrònica;13069;Electrotècnia;2;Normal;6;Obligatòria;NO ESTÀNDARD;Laboratori / Taller;1501; ;0;24;24;24;40;S;1;Torn Tarda;Català;Presencial;0;;Manual;0;;0;0;;;;;;;;;;;;;;;;;;;;;;;
25_13069_1502;6;Facultat de Ciències, Tecnologia i Enginyeries;25;Enginyeria Mecatrònica;13069;Electrotècnia;2;Normal;6;Obligatòria;NO ESTÀNDARD;Laboratori / Taller;1502; ;0;24;24;24;40;S;1;Torn Tarda;Català;Presencial;0;;Manual;0;;0;0;;;;;;;;;;;;;;;;;;;;;;;
25_13070_15;6;Facultat de Ciències, Tecnologia i Enginyeries;25;Enginyeria Mecatrònica;13070;Física Mecànica;1;Normal;6;Formació bàsica;NO ESTÀNDARD;Grup Classe;15;No informat;42;90;40;90;180;S;1;Torn Tarda;Català;Presencial;0;;Manual;0;;0;0;;;;;;;;;;;;;;;;;;;;;;;
25_13070_16;6;Facultat de Ciències, Tecnologia i Enginyeries;25;Enginyeria Mecatrònica;13070;Física Mecànica;1;Normal;6;Formació bàsica;NO ESTÀNDARD;Grup Classe;16;No informat;38;60;40;60;180;S;1;Torn Tarda;Català;Presencial;0;;Manual;0;;0;0;;;;;;;;;;;;;;;;;;;;;;;
25_13070_1501;6;Facultat de Ciències, Tecnologia i Enginyeries;25;Enginyeria Mecatrònica;13070;Física Mecànica;1;Normal;6;Formació bàsica;NO ESTÀNDARD;Laboratori / Taller;1501;No informat;0;30;40;30;60;S;1;Torn Tarda;Català;Presencial;0;;Manual;0;;0;0;;;;;;;;;;;;;;;;;;;;;;;
25_13070_1601;6;Facultat de Ciències, Tecnologia i Enginyeries;25;Enginyeria Mecatrònica;13070;Física Mecànica;1;Normal;6;Formació bàsica;NO ESTÀNDARD;Laboratori / Taller;1601;No informat;0;30;40;30;60;S;1;Torn Tarda;Català;Presencial;0;;Manual;0;;0;0;;;;;;;;;;;;;;;;;;;;;;;
25_13071_15;6;Facultat de Ciències, Tecnologia i Enginyeries;25;Enginyeria Mecatrònica;13071;Disseny Assistit per Ordinador;1;Normal;6;Formació bàsica;NO ESTÀNDARD;Grup Classe;15; ;47;65;24;65;120;S;1;Torn Tarda;Català;Presencial;0;;Manual;0;;0;0;;;;;;;;;;;;;;;;;;;;;;;
25_13071_1501;6;Facultat de Ciències, Tecnologia i Enginyeries;25;Enginyeria Mecatrònica;13071;Disseny Assistit per Ordinador;1;Normal;6;Formació bàsica;NO ESTÀNDARD;Laboratori / Taller;1501; ;0;24;24;24;120;S;1;Torn Tarda;Català;Presencial;0;;Manual;0;;0;0;;;;;;;;;;;;;;;;;;;;;;;
25_13071_1502;6;Facultat de Ciències, Tecnologia i Enginyeries;25;Enginyeria Mecatrònica;13071;Disseny Assistit per Ordinador;1;Normal;6;Formació bàsica;NO ESTÀNDARD;Laboratori / Taller;1502; ;0;24;24;24;120;S;1;Torn Tarda;Català;Presencial;0;;Manual;0;;0;0;;;;;;;;;;;;;;;;;;;;;;;
25_13073_15;6;Facultat de Ciències, Tecnologia i Enginyeries;25;Enginyeria Mecatrònica;13073;Matemàtiques II;1;Normal;6;Formació bàsica;NO ESTÀNDARD;Grup Classe;15; ;75;75;40;75;180;S;2;Torn Tarda;Català;Presencial;0;;Manual;0;;0;0;;;;;;;;;;;;;;;;;;;;;;;
25_13073_16;6;Facultat de Ciències, Tecnologia i Enginyeries;25;Enginyeria Mecatrònica;13073;Matemàtiques II;1;Normal;6;Formació bàsica;NO ESTÀNDARD;Grup Classe;16; ;2;60;40;60;180;S;2;Torn Tarda;Català;Presencial;0;;Manual;0;;0;0;;;;;;;;;;;;;;;;;;;;;;;
25_13073_1501;6;Facultat de Ciències, Tecnologia i Enginyeries;25;Enginyeria Mecatrònica;13073;Matemàtiques II;1;Normal;6;Formació bàsica;NO ESTÀNDARD;Laboratori / Taller;1501; ;0;30;40;30;60;S;2;Torn Tarda;Català;Presencial;0;;Manual;0;;0;0;;;;;;;;;;;;;;;;;;;;;;;
25_13073_1601;6;Facultat de Ciències, Tecnologia i Enginyeries;25;Enginyeria Mecatrònica;13073;Matemàtiques II;1;Normal;6;Formació bàsica;NO ESTÀNDARD;Laboratori / Taller;1601; ;0;30;40;30;60;S;2;Torn Tarda;Català;Presencial;0;;Manual;0;;0;0;;;;;;;;;;;;;;;;;;;;;;;
25_13074_15;6;Facultat de Ciències, Tecnologia i Enginyeries;25;Enginyeria Mecatrònica;13074;Física Elèctrica;1;Normal;6;Formació bàsica;NO ESTÀNDARD;Grup Classe;15; ;75;75;40;75;180;S;2;Torn Tarda;Català;Presencial;0;;Manual;0;;1;0;25_13074_40;;;;;;;;;;;;;;;;;;;;;;
25_13074_16;6;Facultat de Ciències, Tecnologia i Enginyeries;25;Enginyeria Mecatrònica;13074;Física Elèctrica;1;Normal;6;Formació bàsica;NO ESTÀNDARD;Grup Classe;16; ;3;60;40;60;180;S;2;Torn Tarda;Català;Presencial;0;;Manual;0;;0;0;;;;;;;;;;;;;;;;;;;;;;;
25_13074_40;6;Facultat de Ciències, Tecnologia i Enginyeries;25;Enginyeria Mecatrònica;13074;Física Elèctrica;1;Normal;6;Formació bàsica;NO ESTÀNDARD;Grup Classe;40; ;0;5;40;5;180;S;2;Torn Tarda;Català;Presencial;0;;Manual;0;25_13074_15;0;0;;;;;;;;;;;;;;;;;;;;;;;
25_13074_1501;6;Facultat de Ciències, Tecnologia i Enginyeries;25;Enginyeria Mecatrònica;13074;Física Elèctrica;1;Normal;6;Formació bàsica;NO ESTÀNDARD;Laboratori / Taller;1501; ;0;30;40;30;60;S;2;Torn Tarda;Català;Presencial;0;;Manual;0;;0;0;;;;;;;;;;;;;;;;;;;;;;;
25_13074_1601;6;Facultat de Ciències, Tecnologia i Enginyeries;25;Enginyeria Mecatrònica;13074;Física Elèctrica;1;Normal;6;Formació bàsica;NO ESTÀNDARD;Laboratori / Taller;1601; ;0;30;40;30;60;S;2;Torn Matí;Català;Presencial;0;;Manual;0;;0;0;;;;;;;;;;;;;;;;;;;;;;;
25_13075_15;6;Facultat de Ciències, Tecnologia i Enginyeries;25;Enginyeria Mecatrònica;13075;Electrònica Bàsica;  ;Normal;6;Obligatòria;NO ESTÀNDARD;Grup Classe;15; ;56;60;30;60;160;S;1;Torn Tarda;Català;Presencial;0;;Manual;0;;0;0;;;;;;;;;;;;;;;;;;;;;;;
25_13075_1501;6;Facultat de Ciències, Tecnologia i Enginyeries;25;Enginyeria Mecatrònica;13075;Electrònica Bàsica;  ;Normal;6;Obligatòria;NO ESTÀNDARD;Laboratori / Taller;1501; ;0;20;30;20;80;S;1;Torn Tarda;Català;Presencial;0;;Manual;0;;0;0;;;;;;;;;;;;;;;;;;;;;;;
25_13075_1502;6;Facultat de Ciències, Tecnologia i Enginyeries;25;Enginyeria Mecatrònica;13075;Electrònica Bàsica;  ;Normal;6;Obligatòria;NO ESTÀNDARD;Laboratori / Taller;1502; ;0;20;30;20;80;S;1;Torn Tarda;Català;Presencial;0;;Manual;0;;0;0;;;;;;;;;;;;;;;;;;;;;;;
25_13075_1503;6;Facultat de Ciències, Tecnologia i Enginyeries;25;Enginyeria Mecatrònica;13075;Electrònica Bàsica;  ;Normal;6;Obligatòria;NO ESTÀNDARD;Laboratori / Taller;1503; ;0;20;30;20;80;S;1;Torn Tarda;Català;Presencial;0;;Manual;0;;0;0;;;;;;;;;;;;;;;;;;;;;;;
27_13077_11;6;Facultat de Ciències, Tecnologia i Enginyeries;27;Biotecnologia;13077;Biologia;1;Normal;6;Formació bàsica;ESTÀNDARD;Grup Classe;11; ;59;70;40;70;0;S;1;Torn Matí;Català;Presencial;0;;Alternància;0;30_13369_11;0;0;;;;;;;;;;;;;;;;;;;;;;;
27_13077_12;6;Facultat de Ciències, Tecnologia i Enginyeries;27;Biotecnologia;13077;Biologia;1;Normal;6;Formació bàsica;ESTÀNDARD;Grup Classe;12; ;0;0;40;0;0;S;1;Torn Matí;Català;Presencial;0;;Alternància;0;30_13369_12;0;0;;;;;;;;;;;;;;;;;;;;;;;
25_13078_15;6;Facultat de Ciències, Tecnologia i Enginyeries;25;Enginyeria Mecatrònica;13078;Matemàtiques I;1;Normal;6;Formació bàsica;NO ESTÀNDARD;Grup Classe;15; ;40;75;40;75;180;S;1;Torn Tarda;Català;Presencial;0;;Manual;0;;0;0;;;;;;;;;;;;;;;;;;;;;;;
25_13078_16;6;Facultat de Ciències, Tecnologia i Enginyeries;25;Enginyeria Mecatrònica;13078;Matemàtiques I;1;Normal;6;Formació bàsica;NO ESTÀNDARD;Grup Classe;16; ;34;60;40;60;180;S;1;Torn Tarda;Català;Presencial;0;;Manual;0;;0;0;;;;;;;;;;;;;;;;;;;;;;;
25_13078_1501;6;Facultat de Ciències, Tecnologia i Enginyeries;25;Enginyeria Mecatrònica;13078;Matemàtiques I;1;Normal;6;Formació bàsica;NO ESTÀNDARD;Laboratori / Taller;1501; ;0;30;40;30;60;S;1;Torn Tarda;Català;Presencial;0;;Manual;0;;0;0;;;;;;;;;;;;;;;;;;;;;;;
25_13078_1601;6;Facultat de Ciències, Tecnologia i Enginyeries;25;Enginyeria Mecatrònica;13078;Matemàtiques I;1;Normal;6;Formació bàsica;NO ESTÀNDARD;Laboratori / Taller;1601; ;0;30;40;30;60;S;1;Torn Tarda;Català;Presencial;0;;Manual;0;;0;0;;;;;;;;;;;;;;;;;;;;;;;
25_13079_15;6;Facultat de Ciències, Tecnologia i Enginyeries;25;Enginyeria Mecatrònica;13079;Tecnologia de Materials;1;Normal;6;Obligatòria;NO ESTÀNDARD;Grup Classe;15; ;66;69;35;69;180;S;2;Torn Tarda;Català;Presencial;0;;Manual;0;;0;0;;;;;;;;;;;;;;;;;;;;;;;
25_13079_1501;6;Facultat de Ciències, Tecnologia i Enginyeries;25;Enginyeria Mecatrònica;13079;Tecnologia de Materials;1;Normal;6;Obligatòria;NO ESTÀNDARD;Laboratori / Taller;1501; ;0;12;35;12;60;S;2;Torn Tarda;Català;Presencial;0;;Manual;0;;0;0;;;;;;;;;;;;;;;;;;;;;;;
25_13079_1502;6;Facultat de Ciències, Tecnologia i Enginyeries;25;Enginyeria Mecatrònica;13079;Tecnologia de Materials;1;Normal;6;Obligatòria;NO ESTÀNDARD;Laboratori / Taller;1502; ;0;12;35;12;60;S;2;Torn Tarda;Català;Presencial;0;;Manual;0;;0;0;;;;;;;;;;;;;;;;;;;;;;;
25_13079_1503;6;Facultat de Ciències, Tecnologia i Enginyeries;25;Enginyeria Mecatrònica;13079;Tecnologia de Materials;1;Normal;6;Obligatòria;NO ESTÀNDARD;Laboratori / Taller;1503; ;0;12;35;12;60;S;2;Torn Tarda;Català;Presencial;0;;Manual;0;;0;0;;;;;;;;;;;;;;;;;;;;;;;
25_13079_1504;6;Facultat de Ciències, Tecnologia i Enginyeries;25;Enginyeria Mecatrònica;13079;Tecnologia de Materials;1;Normal;6;Obligatòria;NO ESTÀNDARD;Laboratori / Taller;1504; ;0;12;35;12;60;S;2;Torn Tarda;Català;Presencial;0;;Manual;0;;0;0;;;;;;;;;;;;;;;;;;;;;;;
25_13079_1505;6;Facultat de Ciències, Tecnologia i Enginyeries;25;Enginyeria Mecatrònica;13079;Tecnologia de Materials;1;Normal;6;Obligatòria;NO ESTÀNDARD;Laboratori / Taller;1505; ;0;12;35;12;60;S;2;Torn Tarda;Català;Presencial;0;;Manual;0;;0;0;;;;;;;;;;;;;;;;;;;;;;;
25_13080_15;6;Facultat de Ciències, Tecnologia i Enginyeries;25;Enginyeria Mecatrònica;13080;Anàlisi de Circuits;1;Normal;6;Obligatòria;NO ESTÀNDARD;Grup Classe;15; ;73;80;35;80;200;S;2;Torn Tarda;Català;Presencial;0;;Manual;0;;0;0;;;;;;;;;;;;;;;;;;;;;;;
25_13080_1501;6;Facultat de Ciències, Tecnologia i Enginyeries;25;Enginyeria Mecatrònica;13080;Anàlisi de Circuits;1;Normal;6;Obligatòria;NO ESTÀNDARD;Laboratori / Taller;1501; ;0;20;35;20;40;S;2;Torn Tarda;Català;Presencial;0;;Manual;0;;0;0;;;;;;;;;;;;;;;;;;;;;;;
25_13080_1502;6;Facultat de Ciències, Tecnologia i Enginyeries;25;Enginyeria Mecatrònica;13080;Anàlisi de Circuits;1;Normal;6;Obligatòria;NO ESTÀNDARD;Laboratori / Taller;1502; ;0;20;35;20;40;S;2;Torn Tarda;Català;Presencial;0;;Manual;0;;0;0;;;;;;;;;;;;;;;;;;;;;;;
25_13080_1503;6;Facultat de Ciències, Tecnologia i Enginyeries;25;Enginyeria Mecatrònica;13080;Anàlisi de Circuits;1;Normal;6;Obligatòria;NO ESTÀNDARD;Laboratori / Taller;1503; ;0;20;35;20;40;S;2;Torn Tarda;Català;Presencial;0;;Manual;0;;0;0;;;;;;;;;;;;;;;;;;;;;;;
25_13080_1504;6;Facultat de Ciències, Tecnologia i Enginyeries;25;Enginyeria Mecatrònica;13080;Anàlisi de Circuits;1;Normal;6;Obligatòria;NO ESTÀNDARD;Laboratori / Taller;1504; ;0;20;35;20;40;S;2;Torn Tarda;Català; ;0;;Manual;0;;0;0;;;;;;;;;;;;;;;;;;;;;;;
25_13107_15;6;Facultat de Ciències, Tecnologia i Enginyeries;25;Enginyeria Mecatrònica;13107;Electrònica Digital;2;Normal;6;Obligatòria;NO ESTÀNDARD;Grup Classe;15; ;46;50;30;50;160;S;1;Torn Tarda;Català;Presencial;0;;Manual;0;;0;0;;;;;;;;;;;;;;;;;;;;;;;
25_13107_1501;6;Facultat de Ciències, Tecnologia i Enginyeries;25;Enginyeria Mecatrònica;13107;Electrònica Digital;2;Normal;6;Obligatòria;NO ESTÀNDARD;Laboratori / Taller;1501; ;0;20;30;20;80;S;1;Torn Tarda;Català;Presencial;0;;Manual;0;;0;0;;;;;;;;;;;;;;;;;;;;;;;
25_13107_1502;6;Facultat de Ciències, Tecnologia i Enginyeries;25;Enginyeria Mecatrònica;13107;Electrònica Digital;2;Normal;6;Obligatòria;NO ESTÀNDARD;Laboratori / Taller;1502; ;0;20;30;20;80;S;1;Torn Tarda;Català;Presencial;0;;Manual;0;;0;0;;;;;;;;;;;;;;;;;;;;;;;
27_13110_11;6;Facultat de Ciències, Tecnologia i Enginyeries;27;Biotecnologia;13110;Genètica;2;Normal;6;Obligatòria;ESTÀNDARD;Grup Classe;11; ;40;45;46;45;0;S;1;Torn Matí;Català;Presencial;0;;Manual;0;30_13285_11;0;0;;;;;;;;;;;;;;;;;;;;;;;
45_13110_11;6;Facultat de Ciències, Tecnologia i Enginyeries;45;Anàlisi de Dades Òmiques / Omics Data Analysis;13110;Genètica;1;Normal;6;Complements de formació;ESTÀNDARD;Grup Classe;11; ;40;45;46;45;0;S;1;Torn Matí;Català;Presencial;0;;Manual;0;30_13285_11;0;0;;;;;;;;;;;;;;;;;;;;;;;
27_13110_12;6;Facultat de Ciències, Tecnologia i Enginyeries;27;Biotecnologia;13110;Genètica;2;Normal;6;Obligatòria;ESTÀNDARD;Grup Classe;12; ;44;45;46;45;0;S;1;Torn Matí;Català;Presencial;0;;Manual;0;30_13285_12;0;0;;;;;;;;;;;;;;;;;;;;;;;
45_13110_12;6;Facultat de Ciències, Tecnologia i Enginyeries;45;Anàlisi de Dades Òmiques / Omics Data Analysis;13110;Genètica;1;Normal;6;Complements de formació;ESTÀNDARD;Grup Classe;12; ;44;45;46;45;0;S;1;Torn Matí;Català;Presencial;0;;Manual;0;30_13285_12;0;0;;;;;;;;;;;;;;;;;;;;;;;
27_13112_11;6;Facultat de Ciències, Tecnologia i Enginyeries;27;Biotecnologia;13112;Microbiologia General;2;Normal;6;Obligatòria;NO ESTÀNDARD;Grup Classe;11; ;25;30;40;30;0;S;1;Torn Matí;Català;Presencial;0;;Manual;0;30_13288_11;0;0;;;;;;;;;;;;;;;;;;;;;;;
27_13112_12;6;Facultat de Ciències, Tecnologia i Enginyeries;27;Biotecnologia;13112;Microbiologia General;2;Normal;6;Obligatòria;NO ESTÀNDARD;Grup Classe;12; ;25;30;40;30;0;S;1;Torn Matí;Català;Presencial;0;;Manual;0;30_13288_12;0;0;;;;;;;;;;;;;;;;;;;;;;;
27_13113_11;6;Facultat de Ciències, Tecnologia i Enginyeries;27;Biotecnologia;13113;Bioestadística;2;Normal;6;Formació bàsica;NO ESTÀNDARD;Grup Classe;11; ;30;40;50;40;0;S;1;Torn Matí;Català;Presencial;0;;Manual;0;30_13390_11;0;0;;;;;;;;;;;;;;;;;;;;;;;
27_13113_12;6;Facultat de Ciències, Tecnologia i Enginyeries;27;Biotecnologia;13113;Bioestadística;2;Normal;6;Formació bàsica;NO ESTÀNDARD;Grup Classe;12; ;37;40;50;40;0;S;1;Torn Matí;Català;Presencial;0;;Manual;0;30_13390_12;0;0;;;;;;;;;;;;;;;;;;;;;;;
45_13114_11;6;Facultat de Ciències, Tecnologia i Enginyeries;45;Anàlisi de Dades Òmiques / Omics Data Analysis;13114;Genètica Molecular;1;Normal;6;Complements de formació;ESTÀNDARD;Grup Classe;11; ;88;90;40;90;240;S;2;Torn Matí;Català;Presencial;0;;Manual;0;;0;0;;;;;;;;;;;;;;;;;;;;;;;
27_13114_11;6;Facultat de Ciències, Tecnologia i Enginyeries;27;Biotecnologia;13114;Genètica Molecular;2;Normal;6;Obligatòria;ESTÀNDARD;Grup Classe;11; ;88;90;40;90;240;S;2;Torn Matí;Català;Presencial;0;;Manual;0;;0;0;;;;;;;;;;;;;;;;;;;;;;;
27_13114_12;6;Facultat de Ciències, Tecnologia i Enginyeries;27;Biotecnologia;13114;Genètica Molecular;2;Normal;6;Obligatòria;ESTÀNDARD;Grup Classe;12; ;5;50;40;50;240;S;2;Torn Matí;Català;Presencial;0;;Manual;0;;0;0;;;;;;;;;;;;;;;;;;;;;;;
27_13115_11;6;Facultat de Ciències, Tecnologia i Enginyeries;27;Biotecnologia;13115;Fonaments d'Enginyeria;2;Normal;6;Obligatòria;ESTÀNDARD;Grup Classe;11; ;83;85;50;85;240;S;2;Torn Matí;Català;Presencial;0;;Manual;0;;0;0;;;;;;;;;;;;;;;;;;;;;;;
27_13116_11;6;Facultat de Ciències, Tecnologia i Enginyeries;27;Biotecnologia;13116;Microbiologia Avançada ;2;Normal;6;Obligatòria;NO ESTÀNDARD;Grup Classe en anglès;11; ;62;70;52;70;180;S;2;Torn Matí;Anglès;Presencial;0;1001,1002,1003,1009;Manual;0;;1;11;30_17279_11;;;;;;;;;;;;;;;;;;;;;;
27_13116_1101;6;Facultat de Ciències, Tecnologia i Enginyeries;27;Biotecnologia;13116;Microbiologia Avançada ;2;Normal;6;Obligatòria;NO ESTÀNDARD;Laboratori / Taller;1101; ;0;14;52;14;60;S;2;Torn Matí;Anglès;Presencial;0;;Manual;0;;0;0;;;;;;;;;;;;;;;;;;;;;;;
27_13116_1102;6;Facultat de Ciències, Tecnologia i Enginyeries;27;Biotecnologia;13116;Microbiologia Avançada ;2;Normal;6;Obligatòria;NO ESTÀNDARD;Laboratori / Taller;1102; ;0;14;52;14;60;S;2;Torn Matí;Anglès;Presencial;0;;Manual;0;;0;0;;;;;;;;;;;;;;;;;;;;;;;
27_13116_1103;6;Facultat de Ciències, Tecnologia i Enginyeries;27;Biotecnologia;13116;Microbiologia Avançada ;2;Normal;6;Obligatòria;NO ESTÀNDARD;Laboratori / Taller;1103; ;0;14;52;14;60;S;2;Torn Matí;Anglès;Presencial;0;;Manual;0;;0;0;;;;;;;;;;;;;;;;;;;;;;;
27_13116_1104;6;Facultat de Ciències, Tecnologia i Enginyeries;27;Biotecnologia;13116;Microbiologia Avançada ;2;Normal;6;Obligatòria;NO ESTÀNDARD;Laboratori / Taller;1104; ;0;14;52;14;60;S;2;Torn Matí;Anglès;Presencial;0;;Manual;0;;0;0;;;;;;;;;;;;;;;;;;;;;;;
27_13116_1105;6;Facultat de Ciències, Tecnologia i Enginyeries;27;Biotecnologia;13116;Microbiologia Avançada ;2;Normal;6;Obligatòria;NO ESTÀNDARD;Laboratori / Taller;1105; ;0;14;52;14;60;S;2;Torn Matí;Anglès;Presencial;0;;Manual;0;;0;0;;;;;;;;;;;;;;;;;;;;;;;
27_13117_11;6;Facultat de Ciències, Tecnologia i Enginyeries;27;Biotecnologia;13117;Bioestadística Avançada;  ;Normal;3;Obligatòria;NO ESTÀNDARD;Grup Classe;11; ;55;60;40;60;60;S;1;Torn Matí;Català;Presencial;0;;Manual;0;;0;0;;;;;;;;;;;;;;;;;;;;;;;
27_13117_1101;6;Facultat de Ciències, Tecnologia i Enginyeries;27;Biotecnologia;13117;Bioestadística Avançada;  ;Normal;3;Obligatòria;NO ESTÀNDARD;Laboratori / Taller;1101; ;0;24;40;24;60;S;1;Torn Matí;Català;Presencial;0;;Manual;0;;0;0;;;;;;;;;;;;;;;;;;;;;;;
27_13117_1102;6;Facultat de Ciències, Tecnologia i Enginyeries;27;Biotecnologia;13117;Bioestadística Avançada;  ;Normal;3;Obligatòria;NO ESTÀNDARD;Laboratori / Taller;1102; ;0;24;40;24;60;S;1;Torn Matí;Català;Presencial;0;;Manual;0;;0;0;;;;;;;;;;;;;;;;;;;;;;;
27_13121_11;6;Facultat de Ciències, Tecnologia i Enginyeries;27;Biotecnologia;13121;Bioinformàtica I;3;Normal;6;Obligatòria;NO ESTÀNDARD;Grup Classe;11; ;50;65;45;65;120;S;1;Torn Matí;Català;Presencial;0;;Manual;0;;1;4;30_13665_11;;;;;;;;;;;;;;;;;;;;;;
27_13121_1101;6;Facultat de Ciències, Tecnologia i Enginyeries;27;Biotecnologia;13121;Bioinformàtica I;3;Normal;6;Obligatòria;NO ESTÀNDARD;Laboratori / Taller;1101; ;0;24;45;24;120;S;1;Torn Matí;Català;Presencial;0;;Manual;0;;0;0;;;;;;;;;;;;;;;;;;;;;;;
27_13121_1102;6;Facultat de Ciències, Tecnologia i Enginyeries;27;Biotecnologia;13121;Bioinformàtica I;3;Normal;6;Obligatòria;NO ESTÀNDARD;Laboratori / Taller;1102; ;0;24;45;24;120;S;1;Torn Matí;Català;Presencial;0;;Manual;0;;0;0;;;;;;;;;;;;;;;;;;;;;;;
27_13122_11;6;Facultat de Ciències, Tecnologia i Enginyeries;27;Biotecnologia;13122;Laboratori Integrat II;3;Normal;3;Obligatòria;NO ESTÀNDARD;Grup Classe;11; ;57;70;40;70;30;S;1;Torn Matí;Català;Presencial;0;;Manual;0;;0;0;;;;;;;;;;;;;;;;;;;;;;;
27_13122_1101;6;Facultat de Ciències, Tecnologia i Enginyeries;27;Biotecnologia;13122;Laboratori Integrat II;3;Normal;3;Obligatòria;NO ESTÀNDARD;Laboratori / Taller;1101; ;0;8;40;8;90;S;1;Torn Matí;Català;Presencial;0;;Manual;0;;0;0;;;;;;;;;;;;;;;;;;;;;;;
27_13122_1102;6;Facultat de Ciències, Tecnologia i Enginyeries;27;Biotecnologia;13122;Laboratori Integrat II;3;Normal;3;Obligatòria;NO ESTÀNDARD;Laboratori / Taller;1102; ;0;8;40;8;90;S;1;Torn Matí;Català;Presencial;0;;Manual;0;;0;0;;;;;;;;;;;;;;;;;;;;;;;
27_13122_1103;6;Facultat de Ciències, Tecnologia i Enginyeries;27;Biotecnologia;13122;Laboratori Integrat II;3;Normal;3;Obligatòria;NO ESTÀNDARD;Laboratori / Taller;1103; ;0;8;40;8;90;S;1;Torn Matí;Català;Presencial;0;;Manual;0;;0;0;;;;;;;;;;;;;;;;;;;;;;;
27_13122_1104;6;Facultat de Ciències, Tecnologia i Enginyeries;27;Biotecnologia;13122;Laboratori Integrat II;3;Normal;3;Obligatòria;NO ESTÀNDARD;Laboratori / Taller;1104; ;0;8;40;8;90;S;1;Torn Matí;Català;Presencial;0;;Manual;0;;0;0;;;;;;;;;;;;;;;;;;;;;;;
27_13122_1105;6;Facultat de Ciències, Tecnologia i Enginyeries;27;Biotecnologia;13122;Laboratori Integrat II;3;Normal;3;Obligatòria;NO ESTÀNDARD;Laboratori / Taller;1105; ;0;8;40;8;90;S;1;Torn Matí;Català;Presencial;0;;Manual;0;;0;0;;;;;;;;;;;;;;;;;;;;;;;
27_13122_1106;6;Facultat de Ciències, Tecnologia i Enginyeries;27;Biotecnologia;13122;Laboratori Integrat II;3;Normal;3;Obligatòria;NO ESTÀNDARD;Laboratori / Taller;1106; ;0;8;40;8;90;S;1;Torn Matí;Català;Presencial;0;;Manual;0;;0;0;;;;;;;;;;;;;;;;;;;;;;;
27_13123_11;6;Facultat de Ciències, Tecnologia i Enginyeries;27;Biotecnologia;13123;Bioreactors;3;Normal;9;Obligatòria;NO ESTÀNDARD;Grup Classe;11; ;56;65;40;65;330;S;1;Torn Matí;Català;Presencial;0;;Manual;0;;0;0;;;;;;;;;;;;;;;;;;;;;;;
27_13123_1101;6;Facultat de Ciències, Tecnologia i Enginyeries;27;Biotecnologia;13123;Bioreactors;3;Normal;9;Obligatòria;NO ESTÀNDARD;Laboratori / Taller;1101; ;0;8;40;8;30;S;1;Torn Matí;Català;Presencial;0;;Manual;0;;0;0;;;;;;;;;;;;;;;;;;;;;;;
27_13123_1102;6;Facultat de Ciències, Tecnologia i Enginyeries;27;Biotecnologia;13123;Bioreactors;3;Normal;9;Obligatòria;NO ESTÀNDARD;Laboratori / Taller;1102; ;0;8;40;8;30;S;1;Torn Matí;Català;Presencial;0;;Manual;0;;0;0;;;;;;;;;;;;;;;;;;;;;;;
27_13123_1103;6;Facultat de Ciències, Tecnologia i Enginyeries;27;Biotecnologia;13123;Bioreactors;3;Normal;9;Obligatòria;NO ESTÀNDARD;Laboratori / Taller;1103; ;0;8;40;8;30;S;1;Torn Matí;Català;Presencial;0;;Manual;0;;0;0;;;;;;;;;;;;;;;;;;;;;;;
27_13123_1104;6;Facultat de Ciències, Tecnologia i Enginyeries;27;Biotecnologia;13123;Bioreactors;3;Normal;9;Obligatòria;NO ESTÀNDARD;Laboratori / Taller;1104; ;0;8;40;8;30;S;1;Torn Matí;Català;Presencial;0;;Manual;0;;0;0;;;;;;;;;;;;;;;;;;;;;;;
27_13123_1105;6;Facultat de Ciències, Tecnologia i Enginyeries;27;Biotecnologia;13123;Bioreactors;3;Normal;9;Obligatòria;NO ESTÀNDARD;Laboratori / Taller;1105; ;0;8;40;8;30;S;1;Torn Matí;Català;Presencial;0;;Manual;0;;0;0;;;;;;;;;;;;;;;;;;;;;;;
27_13123_1106;6;Facultat de Ciències, Tecnologia i Enginyeries;27;Biotecnologia;13123;Bioreactors;3;Normal;9;Obligatòria;NO ESTÀNDARD;Laboratori / Taller;1106; ;0;8;40;8;30;S;1;Torn Matí;Català;Presencial;0;;Manual;0;;0;0;;;;;;;;;;;;;;;;;;;;;;;
27_13126_11;6;Facultat de Ciències, Tecnologia i Enginyeries;27;Biotecnologia;13126;Química i Enginyeria de Proteïnes;3;Normal;6;Obligatòria;ESTÀNDARD;Grup Classe;11; ;52;60;40;60;240;S;2;Torn Matí;Català;Presencial;0;;Manual;0;;0;0;;;;;;;;;;;;;;;;;;;;;;;
27_13127_11;6;Facultat de Ciències, Tecnologia i Enginyeries;27;Biotecnologia;13127;Bioinformàtica II;3;Normal;6;Obligatòria;NO ESTÀNDARD;Grup Classe en anglès;11; ;48;55;41;55;120;S;2;Torn Matí;Anglès;Presencial;0;1001,1002,1003,1009;Manual;0;;1;3;30_13666_11;;;;;;;;;;;;;;;;;;;;;;
27_13127_1101;6;Facultat de Ciències, Tecnologia i Enginyeries;27;Biotecnologia;13127;Bioinformàtica II;3;Normal;6;Obligatòria;NO ESTÀNDARD;Laboratori / Taller;1101; ;0;24;41;24;120;S;2;Torn Matí;Anglès;Presencial;0;;Manual;0;;0;0;;;;;;;;;;;;;;;;;;;;;;;
27_13127_1102;6;Facultat de Ciències, Tecnologia i Enginyeries;27;Biotecnologia;13127;Bioinformàtica II;3;Normal;6;Obligatòria;NO ESTÀNDARD;Laboratori / Taller;1102; ;0;24;41;24;120;S;2;Torn Matí;Anglès;Presencial;0;;Manual;0;;0;0;;;;;;;;;;;;;;;;;;;;;;;
27_13128_11;6;Facultat de Ciències, Tecnologia i Enginyeries;27;Biotecnologia;13128;Regulació del Metabolisme;3;Normal;6;Obligatòria;ESTÀNDARD;Grup Classe;11; ;55;60;45;60;240;S;2;Torn Matí;Català;Presencial;0;;Manual;0;;0;0;;;;;;;;;;;;;;;;;;;;;;;
27_13129_11;6;Facultat de Ciències, Tecnologia i Enginyeries;27;Biotecnologia;13129;Processos i Productes Biotecnològics;3;Normal;6;Obligatòria;ESTÀNDARD;Grup Classe;11; ;52;60;40;60;240;S;2;Torn Matí;Català;Presencial;0;;Manual;0;;0;0;;;;;;;;;;;;;;;;;;;;;;;
27_13131_11;6;Facultat de Ciències, Tecnologia i Enginyeries;27;Biotecnologia;13131;Aspectes Socials i Legals de la Biotecnologia;4;Normal;6;Obligatòria;ESTÀNDARD;Grup Classe;11; ;38;55;30;55;240;S;1;Torn Matí;Català;Presencial;0;;Manual;0;;0;0;;;;;;;;;;;;;;;;;;;;;;;
27_13133_11;6;Facultat de Ciències, Tecnologia i Enginyeries;27;Biotecnologia;13133;Pràctiques Externes I;4;Pràctiques Curriculars;6;Pràctiques externes;PRACT. Externes/Extracurrriculars;Grup Classe;11;No informat;4;25;40;25;0;S;1;Torn Mixt;Català;Presencial;0;;Manual;0;;0;0;;;;;;;;;;;;;;;;;;;;;;;
27_13133_12;6;Facultat de Ciències, Tecnologia i Enginyeries;27;Biotecnologia;13133;Pràctiques Externes I;4;Pràctiques Curriculars;6;Pràctiques externes;PRACT. Externes/Extracurrriculars;Grup Classe;12;No informat;5;25;40;25;0;S;2;Torn Mixt;Català;Presencial;0;;Manual;0;;0;0;;;;;;;;;;;;;;;;;;;;;;;
27_13133_32;6;Facultat de Ciències, Tecnologia i Enginyeries;27;Biotecnologia;13133;Pràctiques Externes I;4;Pràctiques Curriculars;6;Pràctiques externes;PRACT. Externes/Extracurrriculars;Grup Classe;32;No informat;9;25;40;25;0;S;2;Torn Mixt;Català;Presencial;0;;Manual;0;;0;0;;;;;;;;;;;;;;;;;;;;;;;
27_13133_1101;6;Facultat de Ciències, Tecnologia i Enginyeries;27;Biotecnologia;13133;Pràctiques Externes I;4;Pràctiques Curriculars;6;Pràctiques externes;PRACT. Externes/Extracurrriculars;Tutoritzacions de pràctiques externes o de TFG/TFM;1101;No informat;0;0;40;0;500;S;1;Torn Mixt;Català;Presencial;0;;Manual;0;;0;0;;;;;;;;;;;;;;;;;;;;;;;
27_13133_1101;6;Facultat de Ciències, Tecnologia i Enginyeries;27;Biotecnologia;13133;Pràctiques Externes I;4;Pràctiques Curriculars;6;Pràctiques externes;PRACT. Externes/Extracurrriculars;Tutoritzacions Fora Dedicació;1101;No informat;0;0;40;0;500;S;1;Torn Mixt;Català; ;0;;Manual;0;;0;0;;;;;;;;;;;;;;;;;;;;;;;
27_13133_1101;6;Facultat de Ciències, Tecnologia i Enginyeries;27;Biotecnologia;13133;Pràctiques Externes I;4;Pràctiques Curriculars;6;Pràctiques externes;PRACT. Externes/Extracurrriculars;Tutories Altra Activitat Acadèmica;1101;No informat;0;0;40;0;500;S;2;Torn Mixt;Català; ;0;;Manual;0;;0;0;;;;;;;;;;;;;;;;;;;;;;;
27_13134_11;6;Facultat de Ciències, Tecnologia i Enginyeries;27;Biotecnologia;13134;Treball de Fi de Grau;4;Treball fi de grau;12;Treball de fi de grau;TFG/TFM;Grup Classe;11;No informat;12;20;40;20;0;S;1;Torn Matí;Català;Presencial;0;;Manual;0;;0;0;;;;;;;;;;;;;;;;;;;;;;;
27_13134_12;6;Facultat de Ciències, Tecnologia i Enginyeries;27;Biotecnologia;13134;Treball de Fi de Grau;4;Treball fi de grau;12;Treball de fi de grau;TFG/TFM;Grup Classe;12;No informat;0;35;40;35;0;S;2;Torn Matí;Català;Presencial;0;;Manual;0;;0;0;;;;;;;;;;;;;;;;;;;;;;;
27_13134_32;6;Facultat de Ciències, Tecnologia i Enginyeries;27;Biotecnologia;13134;Treball de Fi de Grau;4;Treball fi de grau;12;Treball de fi de grau;TFG/TFM;Grup Classe;32;No informat;0;10;40;10;0;S;2;Torn Matí;Català;Presencial;0;;Manual;0;;0;0;;;;;;;;;;;;;;;;;;;;;;;
27_13134_1101;6;Facultat de Ciències, Tecnologia i Enginyeries;27;Biotecnologia;13134;Treball de Fi de Grau;4;Treball fi de grau;12;Treball de fi de grau;TFG/TFM;Tutoritzacions Fora Dedicació;1101;No informat;0;0;40;0;600;S;1;Torn Matí;Català; ;0;;Manual;0;;0;0;;;;;;;;;;;;;;;;;;;;;;;
27_13134_1101;6;Facultat de Ciències, Tecnologia i Enginyeries;27;Biotecnologia;13134;Treball de Fi de Grau;4;Treball fi de grau;12;Treball de fi de grau;TFG/TFM;Tribunals de TFG i TFM;1101;No informat;0;0;40;0;120;S;1;Torn Matí;Català;Presencial;0;;Manual;0;;0;0;;;;;;;;;;;;;;;;;;;;;;;
27_13134_1101;6;Facultat de Ciències, Tecnologia i Enginyeries;27;Biotecnologia;13134;Treball de Fi de Grau;4;Treball fi de grau;12;Treball de fi de grau;TFG/TFM;Tutories Altra Activitat Acadèmica;1101;No informat;0;0;40;0;600;S;2;Torn Matí;Català; ;0;;Manual;0;;0;0;;;;;;;;;;;;;;;;;;;;;;;
27_13134_1101;6;Facultat de Ciències, Tecnologia i Enginyeries;27;Biotecnologia;13134;Treball de Fi de Grau;4;Treball fi de grau;12;Treball de fi de grau;TFG/TFM;Tutoritzacions de pràctiques externes o de TFG/TFM;1101;No informat;0;0;40;0;600;S;1;Torn Matí;Català;Presencial;0;;Manual;0;;0;0;;;;;;;;;;;;;;;;;;;;;;;
27_13136_11;6;Facultat de Ciències, Tecnologia i Enginyeries;27;Biotecnologia;13136;Economia;4;Normal;6;Optativa;ESTÀNDARD;Grup Classe;11; ;11;25;25;25;240;S;2;Torn Matí;Català;Presencial;0;;Manual;0;;0;0;;;;;;;;;;;;;;;;;;;;;;;
27_13137_11;6;Facultat de Ciències, Tecnologia i Enginyeries;27;Biotecnologia;13137;Creació de Bioempreses;4;Normal;6;Optativa;ESTÀNDARD;Grup Classe;11; ;10;25;25;25;240;S;2;Torn Matí;Català;Presencial;0;;Manual;0;;0;0;;;;;;;;;;;;;;;;;;;;;;;
27_13141_11;6;Facultat de Ciències, Tecnologia i Enginyeries;27;Biotecnologia;13141;Prospecció i Visualització de Dades Òmiques;4;Normal;6;Optativa;ESTÀNDARD;Grup Classe;11; ;21;25;26;25;240;S;1;Torn Matí;Català;Presencial;0;;Manual;0;;0;0;;;;;;;;;;;;;;;;;;;;;;;
27_13151_1;6;Facultat de Ciències, Tecnologia i Enginyeries;27;Biotecnologia;13151;Genòmica;4;Normal;6;Optativa;ESTÀNDARD;Docència Fora dedicació;1; ;0;0;25;0;108;S;2;Torn Matí;Català; ;0;;Manual;0;;0;0;;;;;;;;;;;;;;;;;;;;;;;
27_13151_11;6;Facultat de Ciències, Tecnologia i Enginyeries;27;Biotecnologia;13151;Genòmica;4;Normal;6;Optativa;ESTÀNDARD;Grup Classe;11; ;16;25;25;25;240;S;2;Torn Matí;Català;Presencial;0;;Manual;0;;0;0;;;;;;;;;;;;;;;;;;;;;;;
25_13169_15;6;Facultat de Ciències, Tecnologia i Enginyeries;25;Enginyeria Mecatrònica;13169;Enginyeria Tèrmica i de Fluids;  ;Normal;6;Obligatòria;ESTÀNDARD;Grup Classe;15; ;45;45;20;45;240;S;2;Torn Tarda;Català;Presencial;0;;Manual;0;;1;0;25_13169_40;;;;;;;;;;;;;;;;;;;;;;
25_13169_40;6;Facultat de Ciències, Tecnologia i Enginyeries;25;Enginyeria Mecatrònica;13169;Enginyeria Tèrmica i de Fluids;  ;Normal;6;Obligatòria;ESTÀNDARD;Grup Classe;40; ;0;5;20;5;240;S;2;Torn Tarda;Català;Presencial;0;;Manual;0;25_13169_15;0;0;;;;;;;;;;;;;;;;;;;;;;;
25_13170_15;6;Facultat de Ciències, Tecnologia i Enginyeries;25;Enginyeria Mecatrònica;13170;Regulació Automàtica;  ;Normal;6;Obligatòria;NO ESTÀNDARD;Grup Classe;15; ;30;45;20;45;200;S;1;Torn Tarda;Català;Presencial;0;;Manual;0;;0;0;;;;;;;;;;;;;;;;;;;;;;;
25_13170_1501;6;Facultat de Ciències, Tecnologia i Enginyeries;25;Enginyeria Mecatrònica;13170;Regulació Automàtica;  ;Normal;6;Obligatòria;NO ESTÀNDARD;Laboratori / Taller;1501; ;0;24;20;24;40;S;1;Torn Tarda;Català;Presencial;0;;Manual;0;;0;0;;;;;;;;;;;;;;;;;;;;;;;
25_13170_1502;6;Facultat de Ciències, Tecnologia i Enginyeries;25;Enginyeria Mecatrònica;13170;Regulació Automàtica;  ;Normal;6;Obligatòria;NO ESTÀNDARD;Laboratori / Taller;1502; ;0;24;20;24;40;S;1;Torn Tarda;Català;Presencial;0;;Manual;0;;0;0;;;;;;;;;;;;;;;;;;;;;;;
25_13171_15;6;Facultat de Ciències, Tecnologia i Enginyeries;25;Enginyeria Mecatrònica;13171;Estratègia Empresarial i Màrqueting;2;Normal;6;Formació bàsica;ESTÀNDARD;Grup Classe;15; ;42;50;40;50;240;S;2;Torn Tarda;Català;Presencial;0;;Manual;0;;0;0;;;;;;;;;;;;;;;;;;;;;;;
25_13172_15;6;Facultat de Ciències, Tecnologia i Enginyeries;25;Enginyeria Mecatrònica;13172;Electrònica de Potència;2;Normal;6;Obligatòria;NO ESTÀNDARD;Grup Classe;15; ;44;50;24;50;180;S;2;Torn Tarda;Català;Presencial;0;;Manual;0;;0;0;;;;;;;;;;;;;;;;;;;;;;;
25_13172_1501;6;Facultat de Ciències, Tecnologia i Enginyeries;25;Enginyeria Mecatrònica;13172;Electrònica de Potència;2;Normal;6;Obligatòria;NO ESTÀNDARD;Laboratori / Taller;1501; ;0;24;24;24;60;S;2;Torn Tarda;Català;Presencial;0;;Manual;0;;0;0;;;;;;;;;;;;;;;;;;;;;;;
25_13172_1502;6;Facultat de Ciències, Tecnologia i Enginyeries;25;Enginyeria Mecatrònica;13172;Electrònica de Potència;2;Normal;6;Obligatòria;NO ESTÀNDARD;Laboratori / Taller;1502; ;0;24;24;24;60;S;2;Torn Tarda;Català;Presencial;0;;Manual;0;;0;0;;;;;;;;;;;;;;;;;;;;;;;
25_13173_15;6;Facultat de Ciències, Tecnologia i Enginyeries;25;Enginyeria Mecatrònica;13173;Elasticitat i Resistència de Materials;2;Normal;6;Obligatòria;ESTÀNDARD;Grup Classe;15; ;42;45;40;45;240;S;2;Torn Tarda;Català;Presencial;0;;Manual;0;;0;0;;;;;;;;;;;;;;;;;;;;;;;
25_13174_15;6;Facultat de Ciències, Tecnologia i Enginyeries;25;Enginyeria Mecatrònica;13174;Fonaments de Gestió Empresarial;2;Normal;6;Formació bàsica;ESTÀNDARD;Grup Classe;15; ;46;55;40;55;240;S;1;Torn Tarda;Català;Presencial;0;;Manual;0;;0;0;;;;;;;;;;;;;;;;;;;;;;;
25_13175_15;6;Facultat de Ciències, Tecnologia i Enginyeries;25;Enginyeria Mecatrònica;13175;Projecte Integrat I;2;Normal;6;Obligatòria;NO ESTÀNDARD;Grup Classe;15; ;38;45;24;45;60;S;2;Torn Tarda;Català;Presencial;0;;Manual;0;;0;0;;;;;;;;;;;;;;;;;;;;;;;
25_13175_1501;6;Facultat de Ciències, Tecnologia i Enginyeries;25;Enginyeria Mecatrònica;13175;Projecte Integrat I;2;Normal;6;Obligatòria;NO ESTÀNDARD;Aprenentatge Basat en Casos Clínics / Projectes;1501; ;0;12;24;12;180;S;2;Torn Tarda;Català;Presencial;0;;Manual;0;;0;0;;;;;;;;;;;;;;;;;;;;;;;
25_13175_1502;6;Facultat de Ciències, Tecnologia i Enginyeries;25;Enginyeria Mecatrònica;13175;Projecte Integrat I;2;Normal;6;Obligatòria;NO ESTÀNDARD;Aprenentatge Basat en Casos Clínics / Projectes;1502; ;0;12;24;12;180;S;2;Torn Tarda;Català;Presencial;0;;Manual;0;;0;0;;;;;;;;;;;;;;;;;;;;;;;
25_13175_1503;6;Facultat de Ciències, Tecnologia i Enginyeries;25;Enginyeria Mecatrònica;13175;Projecte Integrat I;2;Normal;6;Obligatòria;NO ESTÀNDARD;Aprenentatge Basat en Casos Clínics / Projectes;1503; ;0;12;24;12;180;S;2;Torn Tarda;Català;Presencial;0;;Manual;0;;0;0;;;;;;;;;;;;;;;;;;;;;;;
25_13177_15;6;Facultat de Ciències, Tecnologia i Enginyeries;25;Enginyeria Mecatrònica;13177;Teoria de Màquines i Mecanismes;  ;Normal;6;Obligatòria;ESTÀNDARD;Grup Classe;15; ;53;55;30;55;240;S;1;Torn Tarda;Català;Presencial;0;;Manual;0;;0;0;;;;;;;;;;;;;;;;;;;;;;;
25_13178_15;6;Facultat de Ciències, Tecnologia i Enginyeries;25;Enginyeria Mecatrònica;13178;Automatització Industrial I;3;Normal;6;Obligatòria;NO ESTÀNDARD;Grup Classe;15; ;23;45;20;45;120;S;1;Torn Tarda;Català;Presencial;0;;Manual;0;;0;0;;;;;;;;;;;;;;;;;;;;;;;
25_13178_1501;6;Facultat de Ciències, Tecnologia i Enginyeries;25;Enginyeria Mecatrònica;13178;Automatització Industrial I;3;Normal;6;Obligatòria;NO ESTÀNDARD;Laboratori / Taller;1501; ;0;24;20;24;120;S;1;Torn Tarda;Català;Presencial;0;;Manual;0;;0;0;;;;;;;;;;;;;;;;;;;;;;;
25_13179_15;6;Facultat de Ciències, Tecnologia i Enginyeries;25;Enginyeria Mecatrònica;13179;Microcontroladors;3;Normal;6;Obligatòria;NO ESTÀNDARD;Grup Classe;15; ;30;45;20;45;120;S;1;Torn Tarda;Català;Presencial;0;;Manual;0;;0;0;;;;;;;;;;;;;;;;;;;;;;;
25_13179_1501;6;Facultat de Ciències, Tecnologia i Enginyeries;25;Enginyeria Mecatrònica;13179;Microcontroladors;3;Normal;6;Obligatòria;NO ESTÀNDARD;Laboratori / Taller;1501; ;0;20;20;20;120;S;1;Torn Tarda;Català;Presencial;0;;Manual;0;;0;0;;;;;;;;;;;;;;;;;;;;;;;
25_13179_1502;6;Facultat de Ciències, Tecnologia i Enginyeries;25;Enginyeria Mecatrònica;13179;Microcontroladors;3;Normal;6;Obligatòria;NO ESTÀNDARD;Laboratori / Taller;1502; ;0;20;20;20;120;S;1;Torn Tarda;Català;Presencial;0;;Manual;0;;0;0;;;;;;;;;;;;;;;;;;;;;;;
25_13180_15;6;Facultat de Ciències, Tecnologia i Enginyeries;25;Enginyeria Mecatrònica;13180;Control Discret;3;Normal;6;Obligatòria;NO ESTÀNDARD;Grup Classe;15; ;38;45;21;45;200;S;2;Torn Tarda;Català;Presencial;0;;Manual;0;;1;0;25_13180_40;;;;;;;;;;;;;;;;;;;;;;
25_13180_40;6;Facultat de Ciències, Tecnologia i Enginyeries;25;Enginyeria Mecatrònica;13180;Control Discret;3;Normal;6;Obligatòria;NO ESTÀNDARD;Grup Classe;40; ;0;2;21;2;200;S;2;Torn Tarda;Català;Presencial;0;;Manual;0;25_13180_15;0;0;;;;;;;;;;;;;;;;;;;;;;;
25_13180_1501;6;Facultat de Ciències, Tecnologia i Enginyeries;25;Enginyeria Mecatrònica;13180;Control Discret;3;Normal;6;Obligatòria;NO ESTÀNDARD;Laboratori / Taller;1501; ;0;24;21;24;40;S;2;Torn Tarda;Català;Presencial;0;;Manual;0;;0;0;;;;;;;;;;;;;;;;;;;;;;;
25_13180_1502;6;Facultat de Ciències, Tecnologia i Enginyeries;25;Enginyeria Mecatrònica;13180;Control Discret;3;Normal;6;Obligatòria;NO ESTÀNDARD;Laboratori / Taller;1502; ;0;24;21;24;40;S;2;Torn Tarda;Català;Presencial;0;;Manual;0;;0;0;;;;;;;;;;;;;;;;;;;;;;;
25_13181_15;6;Facultat de Ciències, Tecnologia i Enginyeries;25;Enginyeria Mecatrònica;13181;Disseny de Màquines;3;Normal;6;Obligatòria;ESTÀNDARD;Grup Classe;15; ;35;45;30;45;240;S;1;Torn Tarda;Català;Presencial;0;;Manual;0;;0;0;;;;;;;;;;;;;;;;;;;;;;;
25_13183_15;6;Facultat de Ciències, Tecnologia i Enginyeries;25;Enginyeria Mecatrònica;13183;Informàtica Industrial;  ;Normal;6;Obligatòria;NO ESTÀNDARD;Grup Classe;15; ;27;45;20;45;160;S;1;Torn Tarda;Català;Presencial;0;;Manual;0;;0;0;;;;;;;;;;;;;;;;;;;;;;;
25_13183_1501;6;Facultat de Ciències, Tecnologia i Enginyeries;25;Enginyeria Mecatrònica;13183;Informàtica Industrial;  ;Normal;6;Obligatòria;NO ESTÀNDARD;Laboratori / Taller;1501; ;0;20;20;20;80;S;1;Torn Tarda;Català;Presencial;0;;Manual;0;;0;0;;;;;;;;;;;;;;;;;;;;;;;
25_13185_15;6;Facultat de Ciències, Tecnologia i Enginyeries;25;Enginyeria Mecatrònica;13185;Projecte Integrat II;3;Normal;6;Obligatòria;NO ESTÀNDARD;Grup Classe en anglès;15; ;29;45;20;45;20;S;2;Torn Tarda;Anglès;Presencial;0;1001,1002,1003,1009;Manual;0;;0;0;;;;;;;;;;;;;;;;;;;;;;;
25_13185_1501;6;Facultat de Ciències, Tecnologia i Enginyeries;25;Enginyeria Mecatrònica;13185;Projecte Integrat II;3;Normal;6;Obligatòria;NO ESTÀNDARD;Aprenentatge Basat en Casos Clínics / Projectes;1501; ;0;12;20;12;220;S;2;Torn Tarda;Anglès;Presencial;0;;Manual;0;;0;0;;;;;;;;;;;;;;;;;;;;;;;
25_13185_1502;6;Facultat de Ciències, Tecnologia i Enginyeries;25;Enginyeria Mecatrònica;13185;Projecte Integrat II;3;Normal;6;Obligatòria;NO ESTÀNDARD;Aprenentatge Basat en Casos Clínics / Projectes;1502; ;0;12;20;12;220;S;2;Torn Tarda;Anglès;Presencial;0;;Manual;0;;0;0;;;;;;;;;;;;;;;;;;;;;;;
25_13188_11;6;Facultat de Ciències, Tecnologia i Enginyeries;25;Enginyeria Mecatrònica;13188;Pràctiques Externes I;4;Pràctiques Curriculars;6;Pràctiques externes;PRACT. Externes/Extracurrriculars;Grup Classe;11;No informat;10;25;15;25;0;S;1;Torn Mixt;Català;Presencial;0;1001,1002,1003,1009;Manual;0;;0;0;;;;;;;;;;;;;;;;;;;;;;;
25_13188_12;6;Facultat de Ciències, Tecnologia i Enginyeries;25;Enginyeria Mecatrònica;13188;Pràctiques Externes I;4;Pràctiques Curriculars;6;Pràctiques externes;PRACT. Externes/Extracurrriculars;Grup Classe;12;No informat;2;25;15;25;0;S;2;Torn Mixt;Català;Presencial;0;1001,1002,1003,1009;Manual;0;;0;0;;;;;;;;;;;;;;;;;;;;;;;
25_13188_32;6;Facultat de Ciències, Tecnologia i Enginyeries;25;Enginyeria Mecatrònica;13188;Pràctiques Externes I;4;Pràctiques Curriculars;6;Pràctiques externes;PRACT. Externes/Extracurrriculars;Grup Classe;32;No informat;3;25;15;25;0;S;2;Torn Mixt;Català;Presencial;0;1001,1002,1003,1009;Manual;0;;0;0;;;;;;;;;;;;;;;;;;;;;;;
25_13188_1101;6;Facultat de Ciències, Tecnologia i Enginyeries;25;Enginyeria Mecatrònica;13188;Pràctiques Externes I;4;Pràctiques Curriculars;6;Pràctiques externes;PRACT. Externes/Extracurrriculars;Tutoritzacions de pràctiques externes o de TFG/TFM;1101;No informat;0;0;15;0;500;S;1;Torn Mixt;Català;Presencial;0;;Manual;0;;0;0;;;;;;;;;;;;;;;;;;;;;;;
25_13188_1101;6;Facultat de Ciències, Tecnologia i Enginyeries;25;Enginyeria Mecatrònica;13188;Pràctiques Externes I;4;Pràctiques Curriculars;6;Pràctiques externes;PRACT. Externes/Extracurrriculars;Tutoritzacions Fora Dedicació;1101;No informat;0;0;15;0;500;S;1;Torn Mixt;Català; ;0;;Manual;0;;0;0;;;;;;;;;;;;;;;;;;;;;;;
25_13188_1101;6;Facultat de Ciències, Tecnologia i Enginyeries;25;Enginyeria Mecatrònica;13188;Pràctiques Externes I;4;Pràctiques Curriculars;6;Pràctiques externes;PRACT. Externes/Extracurrriculars;Tutories Altra Activitat Acadèmica;1101;No informat;0;0;15;0;500;S;2;Torn Mixt;Català; ;0;;Manual;0;;0;0;;;;;;;;;;;;;;;;;;;;;;;
25_13189_15;6;Facultat de Ciències, Tecnologia i Enginyeries;25;Enginyeria Mecatrònica;13189;Treball de Fi de Grau;4;Treball fi de grau;12;Treball de fi de grau;TFG/TFM;Grup Classe;15;No informat;5;25;20;25;0;S;1;Torn Tarda;Català;Presencial;0;1001,1002,1003,1009;Manual;0;;0;0;;;;;;;;;;;;;;;;;;;;;;;
25_13189_16;6;Facultat de Ciències, Tecnologia i Enginyeries;25;Enginyeria Mecatrònica;13189;Treball de Fi de Grau;4;Treball fi de grau;12;Treball de fi de grau;TFG/TFM;Grup Classe;16;No informat;5;25;20;25;0;S;2;Torn Tarda;Català;Presencial;0;1001,1002,1003,1009;Manual;0;;0;0;;;;;;;;;;;;;;;;;;;;;;;
25_13189_1501;6;Facultat de Ciències, Tecnologia i Enginyeries;25;Enginyeria Mecatrònica;13189;Treball de Fi de Grau;4;Treball fi de grau;12;Treball de fi de grau;TFG/TFM;Tutoritzacions Fora Dedicació;1501;No informat;0;0;20;0;300;S;1;Torn Tarda;Català; ;0;;Manual;0;;0;0;;;;;;;;;;;;;;;;;;;;;;;
25_13189_1501;6;Facultat de Ciències, Tecnologia i Enginyeries;25;Enginyeria Mecatrònica;13189;Treball de Fi de Grau;4;Treball fi de grau;12;Treball de fi de grau;TFG/TFM;Tribunals de TFG i TFM;1501;No informat;0;0;20;0;60;S;1;Torn Tarda;Català;Presencial;0;;Manual;0;;0;0;;;;;;;;;;;;;;;;;;;;;;;
25_13189_1501;6;Facultat de Ciències, Tecnologia i Enginyeries;25;Enginyeria Mecatrònica;13189;Treball de Fi de Grau;4;Treball fi de grau;12;Treball de fi de grau;TFG/TFM;Tutories Altra Activitat Acadèmica;1501;No informat;0;0;20;0;300;S;2;Torn Tarda;Català; ;0;;Manual;0;;0;0;;;;;;;;;;;;;;;;;;;;;;;
25_13189_1501;6;Facultat de Ciències, Tecnologia i Enginyeries;25;Enginyeria Mecatrònica;13189;Treball de Fi de Grau;4;Treball fi de grau;12;Treball de fi de grau;TFG/TFM;Tutoritzacions de pràctiques externes o de TFG/TFM;1501;No informat;0;0;20;0;300;S;1;Torn Tarda;Català;Presencial;0;;Manual;0;;0;0;;;;;;;;;;;;;;;;;;;;;;;
25_13190_15;6;Facultat de Ciències, Tecnologia i Enginyeries;25;Enginyeria Mecatrònica;13190;Sistemes Encastats;4;Normal;6;Optativa;NO ESTÀNDARD;Grup Classe;15; ;14;25;24;25;120;S;1;Torn Tarda;Català;Presencial;0;;Manual;0;;1;1;104_15865_15;;;;;;;;;;;;;;;;;;;;;;
25_13190_1501;6;Facultat de Ciències, Tecnologia i Enginyeries;25;Enginyeria Mecatrònica;13190;Sistemes Encastats;4;Normal;6;Optativa;NO ESTÀNDARD;Laboratori / Taller;1501; ;0;24;24;24;120;S;1;Torn Tarda;Català;Presencial;0;;Manual;0;;0;0;;;;;;;;;;;;;;;;;;;;;;;
25_13192_15;6;Facultat de Ciències, Tecnologia i Enginyeries;25;Enginyeria Mecatrònica;13192;Automatització Industrial II;4;Normal;6;Optativa;NO ESTÀNDARD;Grup Classe;15; ;17;25;15;25;120;S;2;Torn Tarda;Català;Presencial;0;;Manual;0;;0;0;;;;;;;;;;;;;;;;;;;;;;;
25_13192_1501;6;Facultat de Ciències, Tecnologia i Enginyeries;25;Enginyeria Mecatrònica;13192;Automatització Industrial II;4;Normal;6;Optativa;NO ESTÀNDARD;Laboratori / Taller;1501; ;0;24;15;24;120;S;2;Torn Tarda;Català;Presencial;0;;Manual;0;;0;0;;;;;;;;;;;;;;;;;;;;;;;
25_13207_11;6;Facultat de Ciències, Tecnologia i Enginyeries;25;Enginyeria Mecatrònica;13207;Pràctiques Externes II;4;Pràctiques Curriculars;6;Optativa;PRACT. Externes/Extracurrriculars;Grup Classe;11;No informat;5;25;9;25;500;S;1;Torn Mixt;Català;Presencial;0;;Manual;0;;0;0;;;;;;;;;;;;;;;;;;;;;;;
25_13207_12;6;Facultat de Ciències, Tecnologia i Enginyeries;25;Enginyeria Mecatrònica;13207;Pràctiques Externes II;4;Pràctiques Curriculars;6;Optativa;PRACT. Externes/Extracurrriculars;Grup Classe;12;No informat;2;25;9;25;500;S;2;Torn Mixt;Català;Presencial;0;;Manual;0;;0;0;;;;;;;;;;;;;;;;;;;;;;;
25_13207_32;6;Facultat de Ciències, Tecnologia i Enginyeries;25;Enginyeria Mecatrònica;13207;Pràctiques Externes II;4;Pràctiques Curriculars;6;Optativa;PRACT. Externes/Extracurrriculars;Grup Classe;32;No informat;2;25;9;25;500;S;2;Torn Mixt;Català;Presencial;0;;Manual;0;;0;0;;;;;;;;;;;;;;;;;;;;;;;
25_13207_1101;6;Facultat de Ciències, Tecnologia i Enginyeries;25;Enginyeria Mecatrònica;13207;Pràctiques Externes II;4;Pràctiques Curriculars;6;Optativa;PRACT. Externes/Extracurrriculars;Tutoritzacions de pràctiques externes o de TFG/TFM;1101;No informat;0;0;9;0;500;S;1;Torn Mixt;Català;Presencial;0;;Manual;0;;0;0;;;;;;;;;;;;;;;;;;;;;;;
25_13207_1101;6;Facultat de Ciències, Tecnologia i Enginyeries;25;Enginyeria Mecatrònica;13207;Pràctiques Externes II;4;Pràctiques Curriculars;6;Optativa;PRACT. Externes/Extracurrriculars;Tutories Altra Activitat Acadèmica;1101;No informat;0;0;9;0;500;S;2;Torn Mixt;Català; ;0;;Manual;0;;0;0;;;;;;;;;;;;;;;;;;;;;;;
25_13207_1101;6;Facultat de Ciències, Tecnologia i Enginyeries;25;Enginyeria Mecatrònica;13207;Pràctiques Externes II;4;Pràctiques Curriculars;6;Optativa;PRACT. Externes/Extracurrriculars;Tutoritzacions Fora Dedicació;1101;No informat;0;0;9;0;500;S;1;Torn Mixt;Català;Presencial;0;;Manual;0;;0;0;;;;;;;;;;;;;;;;;;;;;;;
30_13253_11;6;Facultat de Ciències, Tecnologia i Enginyeries;30;Biologia;13253;Genètica de Poblacions;  ;Normal;6;Optativa;ESTÀNDARD;Grup Classe;11; ;18;25;25;25;240;S;1;Torn Matí;Català;Presencial;0;;Manual;0;;0;0;;;;;;;;;;;;;;;;;;;;;;;
30_13277_11;6;Facultat de Ciències, Tecnologia i Enginyeries;30;Biologia;13277;Espais Naturals Protegits;  ;Normal;3;Optativa;ESTÀNDARD;Grup Classe;11;No informat;13;27;25;27;120;S;2;Torn Matí;Català;Presencial;0;;Manual;0;;0;0;;;;;;;;;;;;;;;;;;;;;;;
30_13278_11;6;Facultat de Ciències, Tecnologia i Enginyeries;30;Biologia;13278;Canvi Global;  ;Normal;6;Optativa;ESTÀNDARD;Grup Classe en anglès;11; ;8;40;30;40;240;S;2;Torn Matí;Anglès;Presencial;0;1001,1002,1003,1009;Manual;0;;0;0;;;;;;;;;;;;;;;;;;;;;;;
30_13285_11;6;Facultat de Ciències, Tecnologia i Enginyeries;30;Biologia;13285;Genètica;2;Normal;6;Obligatòria;ESTÀNDARD;Grup Classe;11; ;26;35;96;35;240;S;1;Torn Matí;Català;Presencial;0;;Manual;0;;1;80;27_13110_11;45_13110_11;;;;;;;;;;;;;;;;;;;;;
30_13285_12;6;Facultat de Ciències, Tecnologia i Enginyeries;30;Biologia;13285;Genètica;2;Normal;6;Obligatòria;ESTÀNDARD;Grup Classe;12; ;26;40;96;40;240;S;1;Torn Matí;Català;Presencial;0;;Manual;0;;1;88;27_13110_12;45_13110_12;;;;;;;;;;;;;;;;;;;;;
30_13287_1;6;Facultat de Ciències, Tecnologia i Enginyeries;30;Biologia;13287;Zoologia;2;Normal;6;Obligatòria;NO ESTÀNDARD;Docència Fora dedicació;1;No informat;0;0;45;0;15;S;2;Torn Matí;Català; ;0;;Manual;0;;0;0;;;;;;;;;;;;;;;;;;;;;;;
30_13287_11;6;Facultat de Ciències, Tecnologia i Enginyeries;30;Biologia;13287;Zoologia;2;Normal;6;Obligatòria;NO ESTÀNDARD;Grup Classe;11;No informat;41;55;45;55;160;S;2;Torn Matí;Català;Presencial;0;;Manual;0;;0;0;;;;;;;;;;;;;;;;;;;;;;;
30_13287_1101;6;Facultat de Ciències, Tecnologia i Enginyeries;30;Biologia;13287;Zoologia;2;Normal;6;Obligatòria;NO ESTÀNDARD;Laboratori / Taller;1101;No informat;0;18;45;18;80;S;2;Torn Matí;Català;Presencial;0;;Manual;0;;0;0;;;;;;;;;;;;;;;;;;;;;;;
30_13287_1102;6;Facultat de Ciències, Tecnologia i Enginyeries;30;Biologia;13287;Zoologia;2;Normal;6;Obligatòria;NO ESTÀNDARD;Laboratori / Taller;1102;No informat;0;18;45;18;80;S;2;Torn Matí;Català;Presencial;0;;Manual;0;;0;0;;;;;;;;;;;;;;;;;;;;;;;
30_13287_1103;6;Facultat de Ciències, Tecnologia i Enginyeries;30;Biologia;13287;Zoologia;2;Normal;6;Obligatòria;NO ESTÀNDARD;Laboratori / Taller;1103;No informat;0;18;45;18;80;S;2;Torn Matí;Català;Presencial;0;;Manual;0;;0;0;;;;;;;;;;;;;;;;;;;;;;;
30_13288_11;6;Facultat de Ciències, Tecnologia i Enginyeries;30;Biologia;13288;Microbiologia General;2;Normal;6;Obligatòria;NO ESTÀNDARD;Grup Classe;11;No informat;15;30;90;30;180;S;1;Torn Matí;Català;Presencial;0;;Manual;0;;1;25;27_13112_11;;;;;;;;;;;;;;;;;;;;;;
30_13288_12;6;Facultat de Ciències, Tecnologia i Enginyeries;30;Biologia;13288;Microbiologia General;2;Normal;6;Obligatòria;NO ESTÀNDARD;Grup Classe;12;No informat;9;35;90;35;180;S;1;Torn Matí;Català;Presencial;0;;Manual;0;;1;25;27_13112_12;;;;;;;;;;;;;;;;;;;;;;
30_13288_1101;6;Facultat de Ciències, Tecnologia i Enginyeries;30;Biologia;13288;Microbiologia General;2;Normal;6;Obligatòria;NO ESTÀNDARD;Laboratori / Taller;1101;No informat;0;16;90;16;60;S;1;Torn Matí;Català;Presencial;0;;Manual;0;;0;0;;;;;;;;;;;;;;;;;;;;;;;
30_13288_1102;6;Facultat de Ciències, Tecnologia i Enginyeries;30;Biologia;13288;Microbiologia General;2;Normal;6;Obligatòria;NO ESTÀNDARD;Laboratori / Taller;1102;No informat;0;16;90;16;60;S;1;Torn Matí;Català;Presencial;0;;Manual;0;;0;0;;;;;;;;;;;;;;;;;;;;;;;
30_13288_1103;6;Facultat de Ciències, Tecnologia i Enginyeries;30;Biologia;13288;Microbiologia General;2;Normal;6;Obligatòria;NO ESTÀNDARD;Laboratori / Taller;1103;No informat;0;16;90;16;60;S;1;Torn Matí;Català;Presencial;0;;Manual;0;;0;0;;;;;;;;;;;;;;;;;;;;;;;
30_13288_1104;6;Facultat de Ciències, Tecnologia i Enginyeries;30;Biologia;13288;Microbiologia General;2;Normal;6;Obligatòria;NO ESTÀNDARD;Laboratori / Taller;1104;No informat;0;16;90;16;60;S;1;Torn Matí;Català;Presencial;0;;Manual;0;;0;0;;;;;;;;;;;;;;;;;;;;;;;
30_13288_1201;6;Facultat de Ciències, Tecnologia i Enginyeries;30;Biologia;13288;Microbiologia General;2;Normal;6;Obligatòria;NO ESTÀNDARD;Laboratori / Taller;1201;No informat;0;16;90;16;60;S;1;Torn Matí;Català;Presencial;0;;Manual;0;;0;0;;;;;;;;;;;;;;;;;;;;;;;
30_13288_1202;6;Facultat de Ciències, Tecnologia i Enginyeries;30;Biologia;13288;Microbiologia General;2;Normal;6;Obligatòria;NO ESTÀNDARD;Laboratori / Taller;1202;No informat;0;16;90;16;60;S;1;Torn Matí;Català;Presencial;0;;Manual;0;;0;0;;;;;;;;;;;;;;;;;;;;;;;
30_13288_1203;6;Facultat de Ciències, Tecnologia i Enginyeries;30;Biologia;13288;Microbiologia General;2;Normal;6;Obligatòria;NO ESTÀNDARD;Laboratori / Taller;1203;No informat;0;16;90;16;60;S;1;Torn Matí;Català;Presencial;0;;Manual;0;;0;0;;;;;;;;;;;;;;;;;;;;;;;
30_13288_1204;6;Facultat de Ciències, Tecnologia i Enginyeries;30;Biologia;13288;Microbiologia General;2;Normal;6;Obligatòria;NO ESTÀNDARD;Laboratori / Taller;1204;No informat;0;16;90;16;60;S;1;Torn Matí;Català;Presencial;0;;Manual;0;;0;0;;;;;;;;;;;;;;;;;;;;;;;
30_13289_11;6;Facultat de Ciències, Tecnologia i Enginyeries;30;Biologia;13289;Ecologia;2;Normal;6;Obligatòria;NO ESTÀNDARD;Grup Classe;11;No informat;33;55;36;55;180;S;2;Torn Matí;Català;Presencial;0;;Manual;0;;0;0;;;;;;;;;;;;;;;;;;;;;;;
30_13289_1101;6;Facultat de Ciències, Tecnologia i Enginyeries;30;Biologia;13289;Ecologia;2;Normal;6;Obligatòria;NO ESTÀNDARD;Laboratori / Taller;1101;No informat;0;18;36;18;60;S;2;Torn Matí;Català;Presencial;0;;Manual;0;;0;0;;;;;;;;;;;;;;;;;;;;;;;
30_13289_1102;6;Facultat de Ciències, Tecnologia i Enginyeries;30;Biologia;13289;Ecologia;2;Normal;6;Obligatòria;NO ESTÀNDARD;Laboratori / Taller;1102;No informat;0;18;36;18;60;S;2;Torn Matí;Català;Presencial;0;;Manual;0;;0;0;;;;;;;;;;;;;;;;;;;;;;;
30_13289_1103;6;Facultat de Ciències, Tecnologia i Enginyeries;30;Biologia;13289;Ecologia;2;Normal;6;Obligatòria;NO ESTÀNDARD;Laboratori / Taller;1103;No informat;0;18;36;18;60;S;2;Torn Matí;Català;Presencial;0;;Manual;0;;0;0;;;;;;;;;;;;;;;;;;;;;;;
30_13290_11;6;Facultat de Ciències, Tecnologia i Enginyeries;30;Biologia;13290;Fisiologia Animal;3;Normal;6;Obligatòria;NO ESTÀNDARD;Grup Classe;11;No informat;39;50;36;50;180;S;1;Torn Matí;Català;Presencial;0;;Manual;0;;0;0;;;;;;;;;;;;;;;;;;;;;;;
30_13290_1101;6;Facultat de Ciències, Tecnologia i Enginyeries;30;Biologia;13290;Fisiologia Animal;3;Normal;6;Obligatòria;NO ESTÀNDARD;Laboratori / Taller;1101;No informat;0;18;36;18;60;S;1;Torn Matí;Català;Presencial;0;;Manual;0;;0;0;;;;;;;;;;;;;;;;;;;;;;;
30_13290_1102;6;Facultat de Ciències, Tecnologia i Enginyeries;30;Biologia;13290;Fisiologia Animal;3;Normal;6;Obligatòria;NO ESTÀNDARD;Laboratori / Taller;1102;No informat;0;18;36;18;60;S;1;Torn Matí;Català;Presencial;0;;Manual;0;;0;0;;;;;;;;;;;;;;;;;;;;;;;
30_13292_11;6;Facultat de Ciències, Tecnologia i Enginyeries;30;Biologia;13292;Ecosistemes Terrestres;3;Normal;6;Obligatòria;NO ESTÀNDARD;Grup Classe;11;No informat;27;50;30;50;180;S;2;Torn Matí;Català;Presencial;0;;Manual;0;;0;0;;;;;;;;;;;;;;;;;;;;;;;
30_13292_1101;6;Facultat de Ciències, Tecnologia i Enginyeries;30;Biologia;13292;Ecosistemes Terrestres;3;Normal;6;Obligatòria;NO ESTÀNDARD;Laboratori / Taller;1101;No informat;0;18;30;18;60;S;2;Torn Matí;Català;Presencial;0;;Manual;0;;0;0;;;;;;;;;;;;;;;;;;;;;;;
30_13292_1102;6;Facultat de Ciències, Tecnologia i Enginyeries;30;Biologia;13292;Ecosistemes Terrestres;3;Normal;6;Obligatòria;NO ESTÀNDARD;Laboratori / Taller;1102;No informat;0;18;30;18;60;S;2;Torn Matí;Català;Presencial;0;;Manual;0;;0;0;;;;;;;;;;;;;;;;;;;;;;;
30_13320_11;6;Facultat de Ciències, Tecnologia i Enginyeries;30;Biologia;13320;Metodologia de la Investigació;  ;Normal;3;Obligatòria;NO ESTÀNDARD;Grup Classe;11;No informat;30;50;35;50;80;S;1;Torn Matí;Català;Presencial;0;;Manual;0;;0;0;;;;;;;;;;;;;;;;;;;;;;;
30_13320_1101;6;Facultat de Ciències, Tecnologia i Enginyeries;30;Biologia;13320;Metodologia de la Investigació;  ;Normal;3;Obligatòria;NO ESTÀNDARD;Aprenentatge Basat en Casos Clínics / Projectes;1101;No informat;0;18;35;18;40;S;1;Torn Matí;Català;Presencial;0;;Manual;0;;0;0;;;;;;;;;;;;;;;;;;;;;;;
30_13320_1102;6;Facultat de Ciències, Tecnologia i Enginyeries;30;Biologia;13320;Metodologia de la Investigació;  ;Normal;3;Obligatòria;NO ESTÀNDARD;Aprenentatge Basat en Casos Clínics / Projectes;1102;No informat;0;18;35;18;40;S;1;Torn Matí;Català;Presencial;0;;Manual;0;;0;0;;;;;;;;;;;;;;;;;;;;;;;
30_13321_11;6;Facultat de Ciències, Tecnologia i Enginyeries;30;Biologia;13321;Pràctiques Integrades;3;Normal;6;Obligatòria;NO ESTÀNDARD;Grup Classe;11;No informat;30;50;30;50;20;S;2;Torn Matí;Català;Presencial;0;;Manual;0;;0;0;;;;;;;;;;;;;;;;;;;;;;;
30_13321_1101;6;Facultat de Ciències, Tecnologia i Enginyeries;30;Biologia;13321;Pràctiques Integrades;3;Normal;6;Obligatòria;NO ESTÀNDARD;Aprenentatge Basat en Casos Clínics / Projectes;1101;No informat;0;10;30;10;220;S;2;Torn Matí;Català;Presencial;0;;Manual;0;;0;0;;;;;;;;;;;;;;;;;;;;;;;
30_13321_1102;6;Facultat de Ciències, Tecnologia i Enginyeries;30;Biologia;13321;Pràctiques Integrades;3;Normal;6;Obligatòria;NO ESTÀNDARD;Aprenentatge Basat en Casos Clínics / Projectes;1102;No informat;0;10;30;10;220;S;2;Torn Matí;Català;Presencial;0;;Manual;0;;0;0;;;;;;;;;;;;;;;;;;;;;;;
30_13321_1103;6;Facultat de Ciències, Tecnologia i Enginyeries;30;Biologia;13321;Pràctiques Integrades;3;Normal;6;Obligatòria;NO ESTÀNDARD;Aprenentatge Basat en Casos Clínics / Projectes;1103;No informat;0;10;30;10;220;S;2;Torn Matí;Català;Presencial;0;;Manual;0;;0;0;;;;;;;;;;;;;;;;;;;;;;;
30_13321_1104;6;Facultat de Ciències, Tecnologia i Enginyeries;30;Biologia;13321;Pràctiques Integrades;3;Normal;6;Obligatòria;NO ESTÀNDARD;Aprenentatge Basat en Casos Clínics / Projectes;1104;No informat;0;10;30;10;220;S;2;Torn Matí;Català;Presencial;0;;Manual;0;;0;0;;;;;;;;;;;;;;;;;;;;;;;
30_13322_11;6;Facultat de Ciències, Tecnologia i Enginyeries;30;Biologia;13322;Bioclimatologia i Biogeografia;3;Normal;6;Obligatòria;NO ESTÀNDARD;Grup Classe;11;No informat;31;50;30;50;180;S;2;Torn Matí;Català;Presencial;0;;Manual;0;;0;0;;;;;;;;;;;;;;;;;;;;;;;
30_13322_1101;6;Facultat de Ciències, Tecnologia i Enginyeries;30;Biologia;13322;Bioclimatologia i Biogeografia;3;Normal;6;Obligatòria;NO ESTÀNDARD;Laboratori / Taller;1101;No informat;0;24;30;24;60;S;2;Torn Matí;Català;Presencial;0;;Manual;0;;0;0;;;;;;;;;;;;;;;;;;;;;;;
30_13322_1102;6;Facultat de Ciències, Tecnologia i Enginyeries;30;Biologia;13322;Bioclimatologia i Biogeografia;3;Normal;6;Obligatòria;NO ESTÀNDARD;Laboratori / Taller;1102;No informat;0;24;30;24;60;S;2;Torn Matí;Català;Presencial;0;;Manual;0;;0;0;;;;;;;;;;;;;;;;;;;;;;;
30_13323_11;6;Facultat de Ciències, Tecnologia i Enginyeries;30;Biologia;13323;Gestió del Medi Natural;3;Normal;6;Obligatòria;NO ESTÀNDARD;Grup Classe;11;No informat;30;50;30;50;180;S;2;Torn Matí;Català;Presencial;0;;Manual;0;;0;0;;;;;;;;;;;;;;;;;;;;;;;
30_13323_1101;6;Facultat de Ciències, Tecnologia i Enginyeries;30;Biologia;13323;Gestió del Medi Natural;3;Normal;6;Obligatòria;NO ESTÀNDARD;Laboratori / Taller;1101;No informat;0;18;30;18;60;S;2;Torn Matí;Català;Presencial;0;;Manual;0;;0;0;;;;;;;;;;;;;;;;;;;;;;;
30_13323_1102;6;Facultat de Ciències, Tecnologia i Enginyeries;30;Biologia;13323;Gestió del Medi Natural;3;Normal;6;Obligatòria;NO ESTÀNDARD;Laboratori / Taller;1102;No informat;0;18;30;18;60;S;2;Torn Matí;Català;Presencial;0;;Manual;0;;0;0;;;;;;;;;;;;;;;;;;;;;;;
30_13329_11;6;Facultat de Ciències, Tecnologia i Enginyeries;30;Biologia;13329;Biologia de la Conservació;4;Normal;6;Obligatòria;ESTÀNDARD;Grup Classe;11;No informat;34;50;30;50;240;S;1;Torn Matí;Català;Presencial;0;;Manual;0;;0;0;;;;;;;;;;;;;;;;;;;;;;;
30_13330_11;6;Facultat de Ciències, Tecnologia i Enginyeries;30;Biologia;13330;Biologia de Poblacions;4;Normal;3;Obligatòria;NO ESTÀNDARD;Grup Classe;11;No informat;34;50;30;50;90;S;1;Torn Matí;Català;Presencial;0;;Manual;0;;0;0;;;;;;;;;;;;;;;;;;;;;;;
30_13330_1101;6;Facultat de Ciències, Tecnologia i Enginyeries;30;Biologia;13330;Biologia de Poblacions;4;Normal;3;Obligatòria;NO ESTÀNDARD;Laboratori / Taller;1101;No informat;0;18;30;18;30;S;1;Torn Matí;Català;Presencial;0;;Manual;0;;0;0;;;;;;;;;;;;;;;;;;;;;;;
30_13330_1102;6;Facultat de Ciències, Tecnologia i Enginyeries;30;Biologia;13330;Biologia de Poblacions;4;Normal;3;Obligatòria;NO ESTÀNDARD;Laboratori / Taller;1102;No informat;0;18;30;18;30;S;1;Torn Matí;Català;Presencial;0;;Manual;0;;0;0;;;;;;;;;;;;;;;;;;;;;;;
30_13361_11;6;Facultat de Ciències, Tecnologia i Enginyeries;30;Biologia;13361;Disseny d'Experiments i Anàlisi de Dades;3;Normal;6;Obligatòria;NO ESTÀNDARD;Grup Classe;11;No informat;35;50;45;50;180;S;1;Torn Matí;Català;Presencial;0;;Manual;0;;0;0;;;;;;;;;;;;;;;;;;;;;;;
30_13361_1101;6;Facultat de Ciències, Tecnologia i Enginyeries;30;Biologia;13361;Disseny d'Experiments i Anàlisi de Dades;3;Normal;6;Obligatòria;NO ESTÀNDARD;Laboratori / Taller;1101;No informat;0;24;45;24;60;S;1;Torn Matí;Català;Presencial;0;;Manual;0;;0;0;;;;;;;;;;;;;;;;;;;;;;;
30_13361_1102;6;Facultat de Ciències, Tecnologia i Enginyeries;30;Biologia;13361;Disseny d'Experiments i Anàlisi de Dades;3;Normal;6;Obligatòria;NO ESTÀNDARD;Laboratori / Taller;1102;No informat;0;24;45;24;60;S;1;Torn Matí;Català;Presencial;0;;Manual;0;;0;0;;;;;;;;;;;;;;;;;;;;;;;
30_13362_11;6;Facultat de Ciències, Tecnologia i Enginyeries;30;Biologia;13362;Botànica;2;Normal;6;Obligatòria;NO ESTÀNDARD;Grup Classe;11;No informat;38;55;50;55;160;S;2;Torn Matí;Català;Presencial;0;;Manual;0;;0;0;;;;;;;;;;;;;;;;;;;;;;;
30_13362_1101;6;Facultat de Ciències, Tecnologia i Enginyeries;30;Biologia;13362;Botànica;2;Normal;6;Obligatòria;NO ESTÀNDARD;Laboratori / Taller;1101;No informat;0;18;50;18;80;S;2;Torn Matí;Català;Presencial;0;;Manual;0;;0;0;;;;;;;;;;;;;;;;;;;;;;;
30_13362_1102;6;Facultat de Ciències, Tecnologia i Enginyeries;30;Biologia;13362;Botànica;2;Normal;6;Obligatòria;NO ESTÀNDARD;Laboratori / Taller;1102;No informat;0;18;50;18;80;S;2;Torn Matí;Català;Presencial;0;;Manual;0;;0;0;;;;;;;;;;;;;;;;;;;;;;;
30_13362_1103;6;Facultat de Ciències, Tecnologia i Enginyeries;30;Biologia;13362;Botànica;2;Normal;6;Obligatòria;NO ESTÀNDARD;Laboratori / Taller;1103;No informat;0;18;50;18;80;S;2;Torn Matí;Català;Presencial;0;;Manual;0;;0;0;;;;;;;;;;;;;;;;;;;;;;;
30_13365_11;6;Facultat de Ciències, Tecnologia i Enginyeries;30;Biologia;13365;Fisiologia Vegetal;3;Normal;6;Obligatòria;NO ESTÀNDARD;Grup Classe;11;No informat;34;50;36;50;180;S;1;Torn Matí;Català;Presencial;0;;Manual;0;;0;0;;;;;;;;;;;;;;;;;;;;;;;
30_13365_1101;6;Facultat de Ciències, Tecnologia i Enginyeries;30;Biologia;13365;Fisiologia Vegetal;3;Normal;6;Obligatòria;NO ESTÀNDARD;Laboratori / Taller;1101;No informat;0;18;36;18;60;S;1;Torn Matí;Català;Presencial;0;;Manual;0;;0;0;;;;;;;;;;;;;;;;;;;;;;;
30_13365_1102;6;Facultat de Ciències, Tecnologia i Enginyeries;30;Biologia;13365;Fisiologia Vegetal;3;Normal;6;Obligatòria;NO ESTÀNDARD;Laboratori / Taller;1102;No informat;0;18;36;18;60;S;1;Torn Matí;Català;Presencial;0;;Manual;0;;0;0;;;;;;;;;;;;;;;;;;;;;;;
30_13366_11;6;Facultat de Ciències, Tecnologia i Enginyeries;30;Biologia;13366;Sistemes d'Informació Geogràfica;2;Normal;6;Obligatòria;NO ESTÀNDARD;Grup Classe en anglès;11;No informat;40;60;40;60;160;S;2;Torn Matí;Anglès;Presencial;0;1001,1002,1003,1009;Manual;0;;0;0;;;;;;;;;;;;;;;;;;;;;;;
30_13366_1101;6;Facultat de Ciències, Tecnologia i Enginyeries;30;Biologia;13366;Sistemes d'Informació Geogràfica;2;Normal;6;Obligatòria;NO ESTÀNDARD;Laboratori / Taller;1101;No informat;0;20;40;20;80;S;2;Torn Matí;Anglès;Presencial;0;;Manual;0;;0;0;;;;;;;;;;;;;;;;;;;;;;;
30_13366_1102;6;Facultat de Ciències, Tecnologia i Enginyeries;30;Biologia;13366;Sistemes d'Informació Geogràfica;2;Normal;6;Obligatòria;NO ESTÀNDARD;Laboratori / Taller;1102;No informat;0;20;40;20;80;S;2;Torn Matí;Anglès;Presencial;0;;Manual;0;;0;0;;;;;;;;;;;;;;;;;;;;;;;
30_13366_1103;6;Facultat de Ciències, Tecnologia i Enginyeries;30;Biologia;13366;Sistemes d'Informació Geogràfica;2;Normal;6;Obligatòria;NO ESTÀNDARD;Laboratori / Taller;1103;No informat;0;20;40;20;80;S;2;Torn Matí;Anglès;Presencial;0;;Manual;0;;0;0;;;;;;;;;;;;;;;;;;;;;;;
30_13368_11;6;Facultat de Ciències, Tecnologia i Enginyeries;30;Biologia;13368;Biologia Animal;1;Normal;6;Formació bàsica;NO ESTÀNDARD;Grup Classe;11;No informat;4;0;90;0;160;S;2;Torn Matí;Català;Presencial;0;;Alternància;0;;1;67;27_13049_11;;;;;;;;;;;;;;;;;;;;;;
30_13368_12;6;Facultat de Ciències, Tecnologia i Enginyeries;30;Biologia;13368;Biologia Animal;1;Normal;6;Formació bàsica;NO ESTÀNDARD;Grup Classe;12;No informat;56;65;90;65;160;S;2;Torn Matí;Català;Presencial;0;;Alternància;0;;1;0;27_13049_12;;;;;;;;;;;;;;;;;;;;;;
30_13368_1101;6;Facultat de Ciències, Tecnologia i Enginyeries;30;Biologia;13368;Biologia Animal;1;Normal;6;Formació bàsica;NO ESTÀNDARD;Laboratori / Taller;1101;No informat;0;16;90;16;80;S;2;Torn Matí;Català;Presencial;0;;Alternància;0;;0;0;;;;;;;;;;;;;;;;;;;;;;;
30_13368_1102;6;Facultat de Ciències, Tecnologia i Enginyeries;30;Biologia;13368;Biologia Animal;1;Normal;6;Formació bàsica;NO ESTÀNDARD;Laboratori / Taller;1102;No informat;0;16;90;16;80;S;2;Torn Matí;Català;Presencial;0;;Alternància;0;;0;0;;;;;;;;;;;;;;;;;;;;;;;
30_13368_1103;6;Facultat de Ciències, Tecnologia i Enginyeries;30;Biologia;13368;Biologia Animal;1;Normal;6;Formació bàsica;NO ESTÀNDARD;Laboratori / Taller;1103;No informat;0;16;90;16;80;S;2;Torn Matí;Català;Presencial;0;;Alternància;0;;0;0;;;;;;;;;;;;;;;;;;;;;;;
30_13368_1104;6;Facultat de Ciències, Tecnologia i Enginyeries;30;Biologia;13368;Biologia Animal;1;Normal;6;Formació bàsica;NO ESTÀNDARD;Laboratori / Taller;1104;No informat;0;16;90;16;80;S;2;Torn Matí;Català;Presencial;0;;Manual;0;;0;0;;;;;;;;;;;;;;;;;;;;;;;
30_13368_1201;6;Facultat de Ciències, Tecnologia i Enginyeries;30;Biologia;13368;Biologia Animal;1;Normal;6;Formació bàsica;NO ESTÀNDARD;Laboratori / Taller;1201;No informat;0;16;90;16;80;S;2;Torn Matí;Català;Presencial;0;;Alternància;0;;0;0;;;;;;;;;;;;;;;;;;;;;;;
30_13368_1202;6;Facultat de Ciències, Tecnologia i Enginyeries;30;Biologia;13368;Biologia Animal;1;Normal;6;Formació bàsica;NO ESTÀNDARD;Laboratori / Taller;1202;No informat;0;16;90;16;80;S;2;Torn Matí;Català;Presencial;0;;Alternància;0;;0;0;;;;;;;;;;;;;;;;;;;;;;;
30_13368_1203;6;Facultat de Ciències, Tecnologia i Enginyeries;30;Biologia;13368;Biologia Animal;1;Normal;6;Formació bàsica;NO ESTÀNDARD;Laboratori / Taller;1203;No informat;0;16;90;16;80;S;2;Torn Matí;Català;Presencial;0;;Alternància;0;;0;0;;;;;;;;;;;;;;;;;;;;;;;
30_13368_1204;6;Facultat de Ciències, Tecnologia i Enginyeries;30;Biologia;13368;Biologia Animal;1;Normal;6;Formació bàsica;NO ESTÀNDARD;Laboratori / Taller;1204;No informat;0;16;90;16;80;S;2;Torn Matí;Català;Presencial;0;;Alternància;0;;0;0;;;;;;;;;;;;;;;;;;;;;;;
30_13369_11;6;Facultat de Ciències, Tecnologia i Enginyeries;30;Biologia;13369;Biologia;1;Normal;6;Formació bàsica;ESTÀNDARD;Grup Classe;11; ;0;0;90;0;240;S;1;Torn Matí;Català;Presencial;0;;Alternància;0;;1;59;27_13077_11;;;;;;;;;;;;;;;;;;;;;;
30_13369_12;6;Facultat de Ciències, Tecnologia i Enginyeries;30;Biologia;13369;Biologia;1;Normal;6;Formació bàsica;ESTÀNDARD;Grup Classe;12; ;52;65;90;65;240;S;1;Torn Matí;Català;Presencial;0;;Alternància;0;;1;0;27_13077_12;;;;;;;;;;;;;;;;;;;;;;
30_13390_11;6;Facultat de Ciències, Tecnologia i Enginyeries;30;Biologia;13390;Bioestadística;2;Normal;6;Formació bàsica;NO ESTÀNDARD;Grup Classe;11; ;12;25;90;25;180;S;1;Torn Matí;Català;Presencial;0;;Manual;0;;1;30;27_13113_11;;;;;;;;;;;;;;;;;;;;;;
30_13390_12;6;Facultat de Ciències, Tecnologia i Enginyeries;30;Biologia;13390;Bioestadística;2;Normal;6;Formació bàsica;NO ESTÀNDARD;Grup Classe;12; ;21;26;90;26;180;S;1;Torn Matí;Català;Presencial;0;;Manual;0;;1;37;27_13113_12;;;;;;;;;;;;;;;;;;;;;;
30_13390_1101;6;Facultat de Ciències, Tecnologia i Enginyeries;30;Biologia;13390;Bioestadística;2;Normal;6;Formació bàsica;NO ESTÀNDARD;Laboratori / Taller;1101; ;0;24;90;24;60;S;1;Torn Matí;Català;Presencial;0;;Manual;0;;0;0;;;;;;;;;;;;;;;;;;;;;;;
30_13390_1102;6;Facultat de Ciències, Tecnologia i Enginyeries;30;Biologia;13390;Bioestadística;2;Normal;6;Formació bàsica;NO ESTÀNDARD;Laboratori / Taller;1102; ;0;24;90;24;60;S;1;Torn Matí;Català;Presencial;0;;Manual;0;;0;0;;;;;;;;;;;;;;;;;;;;;;;
30_13390_1103;6;Facultat de Ciències, Tecnologia i Enginyeries;30;Biologia;13390;Bioestadística;2;Normal;6;Formació bàsica;NO ESTÀNDARD;Laboratori / Taller;1103; ;0;24;90;24;60;S;1;Torn Matí;Català;Presencial;0;;Manual;0;;0;0;;;;;;;;;;;;;;;;;;;;;;;
30_13390_1201;6;Facultat de Ciències, Tecnologia i Enginyeries;30;Biologia;13390;Bioestadística;2;Normal;6;Formació bàsica;NO ESTÀNDARD;Laboratori / Taller;1201; ;0;24;90;24;60;S;1;Torn Matí;Català;Presencial;0;;Manual;0;;0;0;;;;;;;;;;;;;;;;;;;;;;;
30_13390_1202;6;Facultat de Ciències, Tecnologia i Enginyeries;30;Biologia;13390;Bioestadística;2;Normal;6;Formació bàsica;NO ESTÀNDARD;Laboratori / Taller;1202; ;0;24;90;24;60;S;1;Torn Matí;Català;Presencial;0;;Manual;0;;0;0;;;;;;;;;;;;;;;;;;;;;;;
30_13390_1203;6;Facultat de Ciències, Tecnologia i Enginyeries;30;Biologia;13390;Bioestadística;2;Normal;6;Formació bàsica;NO ESTÀNDARD;Laboratori / Taller;1203; ;0;24;90;24;60;S;1;Torn Matí;Català;Presencial;0;;Manual;0;;0;0;;;;;;;;;;;;;;;;;;;;;;;
30_13391_11;6;Facultat de Ciències, Tecnologia i Enginyeries;30;Biologia;13391;Fonaments de Física;1;Normal;6;Formació bàsica;NO ESTÀNDARD;Grup Classe;11;No informat;0;0;110;0;180;S;2;Torn Matí;Català;Presencial;0;;Alternància;0;;1;65;27_13047_11;;;;;;;;;;;;;;;;;;;;;;
30_13391_12;6;Facultat de Ciències, Tecnologia i Enginyeries;30;Biologia;13391;Fonaments de Física;1;Normal;6;Formació bàsica;NO ESTÀNDARD;Grup Classe;12;No informat;54;65;110;65;180;S;2;Torn Matí;Català;Presencial;0;;Alternància;0;;1;0;27_13047_12;;;;;;;;;;;;;;;;;;;;;;
30_13391_13;6;Facultat de Ciències, Tecnologia i Enginyeries;30;Biologia;13391;Fonaments de Física;1;Normal;6;Formació bàsica;NO ESTÀNDARD;Grup Classe;13;No informat;21;45;110;45;180;S;2;Torn Matí;Català;Presencial;0;;Manual;0;;1;16;27_13047_13;;;;;;;;;;;;;;;;;;;;;;
30_13391_1101;6;Facultat de Ciències, Tecnologia i Enginyeries;30;Biologia;13391;Fonaments de Física;1;Normal;6;Formació bàsica;NO ESTÀNDARD;Laboratori / Taller;1101;No informat;0;30;110;30;60;S;2;Torn Matí;Català;Presencial;0;;Alternància;0;;0;0;;;;;;;;;;;;;;;;;;;;;;;
30_13391_1102;6;Facultat de Ciències, Tecnologia i Enginyeries;30;Biologia;13391;Fonaments de Física;1;Normal;6;Formació bàsica;NO ESTÀNDARD;Laboratori / Taller;1102;No informat;0;30;110;30;60;S;2;Torn Matí;Català;Presencial;0;;Alternància;0;;0;0;;;;;;;;;;;;;;;;;;;;;;;
30_13391_1201;6;Facultat de Ciències, Tecnologia i Enginyeries;30;Biologia;13391;Fonaments de Física;1;Normal;6;Formació bàsica;NO ESTÀNDARD;Laboratori / Taller;1201;No informat;0;30;110;30;60;S;2;Torn Matí;Català;Presencial;0;;Alternància;0;;0;0;;;;;;;;;;;;;;;;;;;;;;;
30_13391_1202;6;Facultat de Ciències, Tecnologia i Enginyeries;30;Biologia;13391;Fonaments de Física;1;Normal;6;Formació bàsica;NO ESTÀNDARD;Laboratori / Taller;1202;No informat;0;30;110;30;60;S;2;Torn Matí;Català;Presencial;0;;Alternància;0;;0;0;;;;;;;;;;;;;;;;;;;;;;;
30_13391_1301;6;Facultat de Ciències, Tecnologia i Enginyeries;30;Biologia;13391;Fonaments de Física;1;Normal;6;Formació bàsica;NO ESTÀNDARD;Laboratori / Taller;1301;No informat;0;30;110;30;60;S;2;Torn Matí;Català;Presencial;0;;Manual;0;;0;0;;;;;;;;;;;;;;;;;;;;;;;
30_13391_1302;6;Facultat de Ciències, Tecnologia i Enginyeries;30;Biologia;13391;Fonaments de Física;1;Normal;6;Formació bàsica;NO ESTÀNDARD;Laboratori / Taller;1302;No informat;0;30;110;30;60;S;2;Torn Matí;Català;Presencial;0;;Manual;0;;0;0;;;;;;;;;;;;;;;;;;;;;;;
30_13393_11;6;Facultat de Ciències, Tecnologia i Enginyeries;30;Biologia;13393;Química II;1;Normal;6;Formació bàsica;NO ESTÀNDARD;Grup Classe;11; ;0;0;110;0;160;S;2;Torn Matí;Català;Presencial;0;;Alternància;0;;1;65;27_13045_11;;;;;;;;;;;;;;;;;;;;;;
30_13393_12;6;Facultat de Ciències, Tecnologia i Enginyeries;30;Biologia;13393;Química II;1;Normal;6;Formació bàsica;NO ESTÀNDARD;Grup Classe;12; ;55;65;110;65;160;S;2;Torn Matí;Català;Presencial;0;;Alternància;0;;1;0;27_13045_12;;;;;;;;;;;;;;;;;;;;;;
30_13393_13;6;Facultat de Ciències, Tecnologia i Enginyeries;30;Biologia;13393;Química II;1;Normal;6;Formació bàsica;NO ESTÀNDARD;Grup Classe;13; ;10;45;110;45;160;S;2;Torn Matí;Català;Presencial;0;;Manual;0;;2;13;27_13045_13;30_13393_40;;;;;;;;;;;;;;;;;;;;;
30_13393_40;6;Facultat de Ciències, Tecnologia i Enginyeries;30;Biologia;13393;Química II;1;Normal;6;Formació bàsica;NO ESTÀNDARD;Grup Classe;40; ;0;40;110;40;160;S;2;Torn Matí;Català;Presencial;0;;Manual;0;30_13393_13;0;0;;;;;;;;;;;;;;;;;;;;;;;
30_13393_1101;6;Facultat de Ciències, Tecnologia i Enginyeries;30;Biologia;13393;Química II;1;Normal;6;Formació bàsica;NO ESTÀNDARD;Laboratori / Taller;1101; ;0;16;110;16;80;S;2;Torn Matí;Català;Presencial;0;;Alternància;0;;0;0;;;;;;;;;;;;;;;;;;;;;;;
30_13393_1102;6;Facultat de Ciències, Tecnologia i Enginyeries;30;Biologia;13393;Química II;1;Normal;6;Formació bàsica;NO ESTÀNDARD;Laboratori / Taller;1102; ;0;16;110;16;80;S;2;Torn Matí;Català;Presencial;0;;Alternància;0;;0;0;;;;;;;;;;;;;;;;;;;;;;;
30_13393_1103;6;Facultat de Ciències, Tecnologia i Enginyeries;30;Biologia;13393;Química II;1;Normal;6;Formació bàsica;NO ESTÀNDARD;Laboratori / Taller;1103; ;0;16;110;16;80;S;2;Torn Matí;Català;Presencial;0;;Alternància;0;;0;0;;;;;;;;;;;;;;;;;;;;;;;
30_13393_1104;6;Facultat de Ciències, Tecnologia i Enginyeries;30;Biologia;13393;Química II;1;Normal;6;Formació bàsica;NO ESTÀNDARD;Laboratori / Taller;1104; ;0;16;110;16;80;S;2;Torn Matí;Català;Presencial;0;;Alternància;0;;0;0;;;;;;;;;;;;;;;;;;;;;;;
30_13393_1201;6;Facultat de Ciències, Tecnologia i Enginyeries;30;Biologia;13393;Química II;1;Normal;6;Formació bàsica;NO ESTÀNDARD;Laboratori / Taller;1201; ;0;16;110;16;80;S;2;Torn Matí;Català;Presencial;0;;Alternància;0;;0;0;;;;;;;;;;;;;;;;;;;;;;;
30_13393_1202;6;Facultat de Ciències, Tecnologia i Enginyeries;30;Biologia;13393;Química II;1;Normal;6;Formació bàsica;NO ESTÀNDARD;Laboratori / Taller;1202; ;0;16;110;16;80;S;2;Torn Matí;Català;Presencial;0;;Alternància;0;;0;0;;;;;;;;;;;;;;;;;;;;;;;
30_13393_1203;6;Facultat de Ciències, Tecnologia i Enginyeries;30;Biologia;13393;Química II;1;Normal;6;Formació bàsica;NO ESTÀNDARD;Laboratori / Taller;1203; ;0;16;110;16;80;S;2;Torn Matí;Català;Presencial;0;;Alternància;0;;0;0;;;;;;;;;;;;;;;;;;;;;;;
30_13393_1204;6;Facultat de Ciències, Tecnologia i Enginyeries;30;Biologia;13393;Química II;1;Normal;6;Formació bàsica;NO ESTÀNDARD;Laboratori / Taller;1204; ;0;16;110;16;80;S;2;Torn Matí;Català;Presencial;0;;Manual;0;;0;0;;;;;;;;;;;;;;;;;;;;;;;
30_13393_1301;6;Facultat de Ciències, Tecnologia i Enginyeries;30;Biologia;13393;Química II;1;Normal;6;Formació bàsica;NO ESTÀNDARD;Laboratori / Taller;1301; ;0;16;110;16;80;S;2;Torn Matí;Català;Presencial;0;;Manual;0;;0;0;;;;;;;;;;;;;;;;;;;;;;;
30_13393_1302;6;Facultat de Ciències, Tecnologia i Enginyeries;30;Biologia;13393;Química II;1;Normal;6;Formació bàsica;NO ESTÀNDARD;Laboratori / Taller;1302; ;0;16;110;16;80;S;2;Torn Matí;Català;Presencial;0;;Manual;0;;0;0;;;;;;;;;;;;;;;;;;;;;;;
30_13393_1303;6;Facultat de Ciències, Tecnologia i Enginyeries;30;Biologia;13393;Química II;1;Normal;6;Formació bàsica;NO ESTÀNDARD;Laboratori / Taller;1303; ;0;16;110;16;80;S;2;Torn Matí;Català;Presencial;0;;Manual;0;;0;0;;;;;;;;;;;;;;;;;;;;;;;
30_13406_11;6;Facultat de Ciències, Tecnologia i Enginyeries;30;Biologia;13406;Bioquímica;1;Normal;6;Formació bàsica;NO ESTÀNDARD;Grup Classe;11; ;0;0;96;0;210;S;2;Torn Matí;Català;Presencial;0;;Alternància;0;;1;73;27_13044_11;;;;;;;;;;;;;;;;;;;;;;
30_13406_12;6;Facultat de Ciències, Tecnologia i Enginyeries;30;Biologia;13406;Bioquímica;1;Normal;6;Formació bàsica;NO ESTÀNDARD;Grup Classe;12; ;69;80;96;80;210;S;2;Torn Matí;Català;Presencial;0;;Alternància;0;;1;0;27_13044_12;;;;;;;;;;;;;;;;;;;;;;
30_13406_13;6;Facultat de Ciències, Tecnologia i Enginyeries;30;Biologia;13406;Bioquímica;1;Normal;6;Formació bàsica;NO ESTÀNDARD;Grup Classe;13; ;0;45;96;45;210;S;2;Torn Matí;Català;Presencial;0;;Manual;0;;1;0;27_13044_13;;;;;;;;;;;;;;;;;;;;;;
30_13406_1101;6;Facultat de Ciències, Tecnologia i Enginyeries;30;Biologia;13406;Bioquímica;1;Normal;6;Formació bàsica;NO ESTÀNDARD;Laboratori / Taller;1101; ;0;16;96;16;30;S;2;Torn Matí;Català;Presencial;0;;Alternància;0;;0;0;;;;;;;;;;;;;;;;;;;;;;;
30_13406_1102;6;Facultat de Ciències, Tecnologia i Enginyeries;30;Biologia;13406;Bioquímica;1;Normal;6;Formació bàsica;NO ESTÀNDARD;Laboratori / Taller;1102; ;0;16;96;16;30;S;2;Torn Matí;Català;Presencial;0;;Alternància;0;;0;0;;;;;;;;;;;;;;;;;;;;;;;
30_13406_1103;6;Facultat de Ciències, Tecnologia i Enginyeries;30;Biologia;13406;Bioquímica;1;Normal;6;Formació bàsica;NO ESTÀNDARD;Laboratori / Taller;1103; ;0;16;96;16;30;S;2;Torn Matí;Català;Presencial;0;;Alternància;0;;0;0;;;;;;;;;;;;;;;;;;;;;;;
30_13406_1104;6;Facultat de Ciències, Tecnologia i Enginyeries;30;Biologia;13406;Bioquímica;1;Normal;6;Formació bàsica;NO ESTÀNDARD;Laboratori / Taller;1104; ;0;16;96;16;30;S;2;Torn Matí;Català;Presencial;0;;Alternància;0;;0;0;;;;;;;;;;;;;;;;;;;;;;;
30_13406_1201;6;Facultat de Ciències, Tecnologia i Enginyeries;30;Biologia;13406;Bioquímica;1;Normal;6;Formació bàsica;NO ESTÀNDARD;Laboratori / Taller;1201; ;0;16;96;16;30;S;2;Torn Matí;Català;Presencial;0;;Alternància;0;;0;0;;;;;;;;;;;;;;;;;;;;;;;
30_13406_1202;6;Facultat de Ciències, Tecnologia i Enginyeries;30;Biologia;13406;Bioquímica;1;Normal;6;Formació bàsica;NO ESTÀNDARD;Laboratori / Taller;1202; ;0;16;96;16;30;S;2;Torn Matí;Català;Presencial;0;;Alternància;0;;0;0;;;;;;;;;;;;;;;;;;;;;;;
30_13406_1203;6;Facultat de Ciències, Tecnologia i Enginyeries;30;Biologia;13406;Bioquímica;1;Normal;6;Formació bàsica;NO ESTÀNDARD;Laboratori / Taller;1203; ;0;16;96;16;30;S;2;Torn Matí;Català;Presencial;0;;Alternància;0;;0;0;;;;;;;;;;;;;;;;;;;;;;;
30_13406_1204;6;Facultat de Ciències, Tecnologia i Enginyeries;30;Biologia;13406;Bioquímica;1;Normal;6;Formació bàsica;NO ESTÀNDARD;Laboratori / Taller;1204; ;0;16;96;16;30;S;2;Torn Matí;Català;Presencial;0;;Alternància;0;;0;0;;;;;;;;;;;;;;;;;;;;;;;
30_13406_1301;6;Facultat de Ciències, Tecnologia i Enginyeries;30;Biologia;13406;Bioquímica;1;Normal;6;Formació bàsica;NO ESTÀNDARD;Laboratori / Taller;1301; ;0;16;96;16;30;S;2;Torn Matí;Català;Presencial;0;;Manual;0;;0;0;;;;;;;;;;;;;;;;;;;;;;;
30_13408_11;6;Facultat de Ciències, Tecnologia i Enginyeries;30;Biologia;13408;Biologia Vegetal;1;Normal;6;Formació bàsica;NO ESTÀNDARD;Grup Classe;11; ;0;0;90;0;160;S;2;Torn Matí;Català;Presencial;0;;Alternància;0;;1;73;27_13043_11;;;;;;;;;;;;;;;;;;;;;;
30_13408_12;6;Facultat de Ciències, Tecnologia i Enginyeries;30;Biologia;13408;Biologia Vegetal;1;Normal;6;Formació bàsica;NO ESTÀNDARD;Grup Classe;12; ;66;75;90;75;160;S;2;Torn Matí;Català;Presencial;0;;Alternància;0;;1;0;27_13043_12;;;;;;;;;;;;;;;;;;;;;;
30_13408_1101;6;Facultat de Ciències, Tecnologia i Enginyeries;30;Biologia;13408;Biologia Vegetal;1;Normal;6;Formació bàsica;NO ESTÀNDARD;Laboratori / Taller;1101; ;0;16;90;16;80;S;2;Torn Matí;Català;Presencial;0;;Alternància;0;;0;0;;;;;;;;;;;;;;;;;;;;;;;
30_13408_1102;6;Facultat de Ciències, Tecnologia i Enginyeries;30;Biologia;13408;Biologia Vegetal;1;Normal;6;Formació bàsica;NO ESTÀNDARD;Laboratori / Taller;1102; ;0;16;90;16;80;S;2;Torn Matí;Català;Presencial;0;;Alternància;0;;0;0;;;;;;;;;;;;;;;;;;;;;;;
30_13408_1103;6;Facultat de Ciències, Tecnologia i Enginyeries;30;Biologia;13408;Biologia Vegetal;1;Normal;6;Formació bàsica;NO ESTÀNDARD;Laboratori / Taller;1103; ;0;16;90;16;80;S;2;Torn Matí;Català;Presencial;0;;Alternància;0;;0;0;;;;;;;;;;;;;;;;;;;;;;;
30_13408_1104;6;Facultat de Ciències, Tecnologia i Enginyeries;30;Biologia;13408;Biologia Vegetal;1;Normal;6;Formació bàsica;NO ESTÀNDARD;Laboratori / Taller;1104; ;0;16;90;16;80;S;2;Torn Matí;Català;Presencial;0;;Manual;0;;0;0;;;;;;;;;;;;;;;;;;;;;;;
30_13408_1201;6;Facultat de Ciències, Tecnologia i Enginyeries;30;Biologia;13408;Biologia Vegetal;1;Normal;6;Formació bàsica;NO ESTÀNDARD;Laboratori / Taller;1201; ;0;16;90;16;80;S;2;Torn Matí;Català;Presencial;0;;Alternància;0;;0;0;;;;;;;;;;;;;;;;;;;;;;;
30_13408_1202;6;Facultat de Ciències, Tecnologia i Enginyeries;30;Biologia;13408;Biologia Vegetal;1;Normal;6;Formació bàsica;NO ESTÀNDARD;Laboratori / Taller;1202; ;0;16;90;16;80;S;2;Torn Matí;Català;Presencial;0;;Alternància;0;;0;0;;;;;;;;;;;;;;;;;;;;;;;
30_13408_1203;6;Facultat de Ciències, Tecnologia i Enginyeries;30;Biologia;13408;Biologia Vegetal;1;Normal;6;Formació bàsica;NO ESTÀNDARD;Laboratori / Taller;1203; ;0;16;90;16;80;S;2;Torn Matí;Català;Presencial;0;;Alternància;0;;0;0;;;;;;;;;;;;;;;;;;;;;;;
30_13408_1204;6;Facultat de Ciències, Tecnologia i Enginyeries;30;Biologia;13408;Biologia Vegetal;1;Normal;6;Formació bàsica;NO ESTÀNDARD;Laboratori / Taller;1204; ;0;16;90;16;80;S;2;Torn Matí;Català;Presencial;0;;Alternància;0;;0;0;;;;;;;;;;;;;;;;;;;;;;;
30_13409_11;6;Facultat de Ciències, Tecnologia i Enginyeries;30;Biologia;13409;Pràctiques Externes I;4;Pràctiques Curriculars;6;Pràctiques externes;PRACT. Externes/Extracurrriculars;Grup Classe;11;Totes les tutoritzacions de pràctiques excepte EAUT comptabilitzades aquí;3;25;35;25;0;S;1;Torn Mixt;Català;Presencial;0;1001,1002,1003,1009;Manual;0;;0;0;;;;;;;;;;;;;;;;;;;;;;;
30_13409_12;6;Facultat de Ciències, Tecnologia i Enginyeries;30;Biologia;13409;Pràctiques Externes I;4;Pràctiques Curriculars;6;Pràctiques externes;PRACT. Externes/Extracurrriculars;Grup Classe;12;Totes les tutoritzacions de pràctiques excepte EAUT comptabilitzades aquí;7;25;35;25;0;S;2;Torn Mixt;Català;Presencial;0;1001,1002,1003,1009;Manual;0;;0;0;;;;;;;;;;;;;;;;;;;;;;;
30_13409_32;6;Facultat de Ciències, Tecnologia i Enginyeries;30;Biologia;13409;Pràctiques Externes I;4;Pràctiques Curriculars;6;Pràctiques externes;PRACT. Externes/Extracurrriculars;Grup Classe;32;Totes les tutoritzacions de pràctiques excepte EAUT comptabilitzades aquí;9;25;35;25;0;S;2;Torn Mixt;Català;Presencial;0;1001,1002,1003,1009;Manual;0;;0;0;;;;;;;;;;;;;;;;;;;;;;;
30_13409_1101;6;Facultat de Ciències, Tecnologia i Enginyeries;30;Biologia;13409;Pràctiques Externes I;4;Pràctiques Curriculars;6;Pràctiques externes;PRACT. Externes/Extracurrriculars;Tutories Altra Activitat Acadèmica;1101;Totes les tutoritzacions de pràctiques excepte EAUT comptabilitzades aquí;0;0;35;0;500;S;2;Torn Mixt;Català; ;0;;Manual;0;;0;0;;;;;;;;;;;;;;;;;;;;;;;
30_13409_1101;6;Facultat de Ciències, Tecnologia i Enginyeries;30;Biologia;13409;Pràctiques Externes I;4;Pràctiques Curriculars;6;Pràctiques externes;PRACT. Externes/Extracurrriculars;Tutoritzacions Fora Dedicació;1101;Totes les tutoritzacions de pràctiques excepte EAUT comptabilitzades aquí;0;0;35;0;500;S;1;Torn Mixt;Català; ;0;;Manual;0;;0;0;;;;;;;;;;;;;;;;;;;;;;;
30_13409_1101;6;Facultat de Ciències, Tecnologia i Enginyeries;30;Biologia;13409;Pràctiques Externes I;4;Pràctiques Curriculars;6;Pràctiques externes;PRACT. Externes/Extracurrriculars;Tutoritzacions de pràctiques externes o de TFG/TFM;1101;Totes les tutoritzacions de pràctiques excepte EAUT comptabilitzades aquí;0;0;35;0;500;S;1;Torn Mixt;Català;Presencial;0;;Manual;0;;0;0;;;;;;;;;;;;;;;;;;;;;;;
30_13414_11;6;Facultat de Ciències, Tecnologia i Enginyeries;30;Biologia;13414;Treball de Fi de Grau;4;Treball fi de grau;12;Treball de fi de grau;TFG/TFM;Grup Classe;11;No informat;5;20;40;20;0;S;1;Torn Matí;Català;Presencial;0;1001,1002,1003,1009;Manual;0;;0;0;;;;;;;;;;;;;;;;;;;;;;;
30_13414_12;6;Facultat de Ciències, Tecnologia i Enginyeries;30;Biologia;13414;Treball de Fi de Grau;4;Treball fi de grau;12;Treball de fi de grau;TFG/TFM;Grup Classe;12;No informat;5;30;40;30;0;S;2;Torn Matí;Català;Presencial;0;1001,1002,1003,1009;Manual;0;;0;0;;;;;;;;;;;;;;;;;;;;;;;
30_13414_1101;6;Facultat de Ciències, Tecnologia i Enginyeries;30;Biologia;13414;Treball de Fi de Grau;4;Treball fi de grau;12;Treball de fi de grau;TFG/TFM;Tribunals de TFG i TFM;1101;No informat;0;0;40;0;120;S;1;Torn Matí;Català;Presencial;0;;Manual;0;;0;0;;;;;;;;;;;;;;;;;;;;;;;
30_13414_1101;6;Facultat de Ciències, Tecnologia i Enginyeries;30;Biologia;13414;Treball de Fi de Grau;4;Treball fi de grau;12;Treball de fi de grau;TFG/TFM;Tutories Altra Activitat Acadèmica;1101;No informat;0;0;40;0;600;S;2;Torn Matí;Català; ;0;;Manual;0;;0;0;;;;;;;;;;;;;;;;;;;;;;;
30_13414_1101;6;Facultat de Ciències, Tecnologia i Enginyeries;30;Biologia;13414;Treball de Fi de Grau;4;Treball fi de grau;12;Treball de fi de grau;TFG/TFM;Tutoritzacions Fora Dedicació;1101;No informat;0;0;40;0;600;S;1;Torn Matí;Català; ;0;;Manual;0;;0;0;;;;;;;;;;;;;;;;;;;;;;;
30_13414_1101;6;Facultat de Ciències, Tecnologia i Enginyeries;30;Biologia;13414;Treball de Fi de Grau;4;Treball fi de grau;12;Treball de fi de grau;TFG/TFM;Tutoritzacions de pràctiques externes o de TFG/TFM;1101;No informat;0;0;40;0;600;S;1;Torn Matí;Català;Presencial;0;;Manual;0;;0;0;;;;;;;;;;;;;;;;;;;;;;;
30_13419_11;6;Facultat de Ciències, Tecnologia i Enginyeries;30;Biologia;13419;Química I;1;Normal;6;Formació bàsica;NO ESTÀNDARD;Grup Classe;11; ;0;0;110;0;160;S;1;Torn Matí;Català;Presencial;0;;Alternància;0;;1;67;27_13042_11;;;;;;;;;;;;;;;;;;;;;;
30_13419_12;6;Facultat de Ciències, Tecnologia i Enginyeries;30;Biologia;13419;Química I;1;Normal;6;Formació bàsica;NO ESTÀNDARD;Grup Classe;12; ;54;65;110;65;160;S;1;Torn Matí;Català;Presencial;0;;Alternància;0;;1;0;27_13042_12;;;;;;;;;;;;;;;;;;;;;;
30_13419_13;6;Facultat de Ciències, Tecnologia i Enginyeries;30;Biologia;13419;Química I;1;Normal;6;Formació bàsica;NO ESTÀNDARD;Grup Classe;13; ;23;45;110;45;160;S;1;Torn Matí;Català;Presencial;0;;Alternància;0;;1;21;27_13042_13;;;;;;;;;;;;;;;;;;;;;;
30_13419_1101;6;Facultat de Ciències, Tecnologia i Enginyeries;30;Biologia;13419;Química I;1;Normal;6;Formació bàsica;NO ESTÀNDARD;Laboratori / Taller;1101; ;0;16;110;16;80;S;1;Torn Matí;Català;Presencial;0;;Alternància;0;;0;0;;;;;;;;;;;;;;;;;;;;;;;
30_13419_1102;6;Facultat de Ciències, Tecnologia i Enginyeries;30;Biologia;13419;Química I;1;Normal;6;Formació bàsica;NO ESTÀNDARD;Laboratori / Taller;1102; ;0;16;110;16;80;S;1;Torn Matí;Català;Presencial;0;;Alternància;0;;0;0;;;;;;;;;;;;;;;;;;;;;;;
30_13419_1103;6;Facultat de Ciències, Tecnologia i Enginyeries;30;Biologia;13419;Química I;1;Normal;6;Formació bàsica;NO ESTÀNDARD;Laboratori / Taller;1103; ;0;16;110;16;80;S;1;Torn Matí;Català;Presencial;0;;Alternància;0;;0;0;;;;;;;;;;;;;;;;;;;;;;;
30_13419_1104;6;Facultat de Ciències, Tecnologia i Enginyeries;30;Biologia;13419;Química I;1;Normal;6;Formació bàsica;NO ESTÀNDARD;Laboratori / Taller;1104; ;0;16;110;16;80;S;1;Torn Matí;Català;Presencial;0;;Alternància;0;;0;0;;;;;;;;;;;;;;;;;;;;;;;
30_13419_1201;6;Facultat de Ciències, Tecnologia i Enginyeries;30;Biologia;13419;Química I;1;Normal;6;Formació bàsica;NO ESTÀNDARD;Laboratori / Taller;1201; ;0;16;110;16;80;S;1;Torn Matí;Català;Presencial;0;;Alternància;0;;0;0;;;;;;;;;;;;;;;;;;;;;;;
30_13419_1202;6;Facultat de Ciències, Tecnologia i Enginyeries;30;Biologia;13419;Química I;1;Normal;6;Formació bàsica;NO ESTÀNDARD;Laboratori / Taller;1202; ;0;16;110;16;80;S;1;Torn Matí;Català;Presencial;0;;Alternància;0;;0;0;;;;;;;;;;;;;;;;;;;;;;;
30_13419_1203;6;Facultat de Ciències, Tecnologia i Enginyeries;30;Biologia;13419;Química I;1;Normal;6;Formació bàsica;NO ESTÀNDARD;Laboratori / Taller;1203; ;0;16;110;16;80;S;1;Torn Matí;Català;Presencial;0;;Alternància;0;;0;0;;;;;;;;;;;;;;;;;;;;;;;
30_13419_1204;6;Facultat de Ciències, Tecnologia i Enginyeries;30;Biologia;13419;Química I;1;Normal;6;Formació bàsica;NO ESTÀNDARD;Laboratori / Taller;1204; ;0;16;110;16;80;S;1;Torn Matí;Català;Presencial;0;;Alternància;0;;0;0;;;;;;;;;;;;;;;;;;;;;;;
30_13419_1301;6;Facultat de Ciències, Tecnologia i Enginyeries;30;Biologia;13419;Química I;1;Normal;6;Formació bàsica;NO ESTÀNDARD;Laboratori / Taller;1301; ;0;16;110;16;80;S;1;Torn Matí;Català;Presencial;0;;Alternància;0;;0;0;;;;;;;;;;;;;;;;;;;;;;;
30_13419_1302;6;Facultat de Ciències, Tecnologia i Enginyeries;30;Biologia;13419;Química I;1;Normal;6;Formació bàsica;NO ESTÀNDARD;Laboratori / Taller;1302; ;0;16;110;16;80;S;1;Torn Matí;Català;Presencial;0;;Alternància;0;;0;0;;;;;;;;;;;;;;;;;;;;;;;
30_13419_1303;6;Facultat de Ciències, Tecnologia i Enginyeries;30;Biologia;13419;Química I;1;Normal;6;Formació bàsica;NO ESTÀNDARD;Laboratori / Taller;1303; ;0;16;110;16;80;S;1;Torn Matí;Català;Presencial;0;;Alternància;0;;0;0;;;;;;;;;;;;;;;;;;;;;;;
30_13443_11;6;Facultat de Ciències, Tecnologia i Enginyeries;30;Biologia;13443;Geologia;2;Normal;6;Formació bàsica;NO ESTÀNDARD;Grup Classe;11; ;35;55;45;55;160;S;2;Torn Matí;Català;Presencial;0;;Manual;0;;0;0;;;;;;;;;;;;;;;;;;;;;;;
30_13443_1101;6;Facultat de Ciències, Tecnologia i Enginyeries;30;Biologia;13443;Geologia;2;Normal;6;Formació bàsica;NO ESTÀNDARD;Laboratori / Taller;1101; ;0;16;45;16;80;S;2;Torn Matí;Català;Presencial;0;;Manual;0;;0;0;;;;;;;;;;;;;;;;;;;;;;;
30_13443_1102;6;Facultat de Ciències, Tecnologia i Enginyeries;30;Biologia;13443;Geologia;2;Normal;6;Formació bàsica;NO ESTÀNDARD;Laboratori / Taller;1102; ;0;16;45;16;80;S;2;Torn Matí;Català;Presencial;0;;Manual;0;;0;0;;;;;;;;;;;;;;;;;;;;;;;
30_13443_1103;6;Facultat de Ciències, Tecnologia i Enginyeries;30;Biologia;13443;Geologia;2;Normal;6;Formació bàsica;NO ESTÀNDARD;Laboratori / Taller;1103; ;0;16;45;16;80;S;2;Torn Matí;Català;Presencial;0;;Manual;0;;0;0;;;;;;;;;;;;;;;;;;;;;;;
30_13471_11;6;Facultat de Ciències, Tecnologia i Enginyeries;30;Biologia;13471;Aplicacions dels Sistemes d'Informació Geogràfica;  ;Normal;6;Optativa;ESTÀNDARD;Grup Classe;11; ;28;30;21;30;240;S;1;Torn Matí;Català;Presencial;0;;Manual;0;;0;0;;;;;;;;;;;;;;;;;;;;;;;
30_13472_11;6;Facultat de Ciències, Tecnologia i Enginyeries;30;Biologia;13472;Tècniques de Restauració del Medi;  ;Normal;6;Optativa;ESTÀNDARD;Grup Classe;11; ;23;25;21;25;240;S;2;Torn Matí;Català;Presencial;0;1001,1002,1003,1009;Manual;0;;0;0;;;;;;;;;;;;;;;;;;;;;;;
30_13484_11;6;Facultat de Ciències, Tecnologia i Enginyeries;30;Biologia;13484;Tècniques de Biologia Molecular;  ;Normal;3;Optativa;NO ESTÀNDARD;Grup Classe en anglès;11; ;13;13;12;13;0;S;1;Torn Matí;Anglès;Presencial;0;1001,1002,1003,1009;Manual;0;;0;0;;;;;;;;;;;;;;;;;;;;;;;
30_13484_1101;6;Facultat de Ciències, Tecnologia i Enginyeries;30;Biologia;13484;Tècniques de Biologia Molecular;  ;Normal;3;Optativa;NO ESTÀNDARD;Laboratori / Taller;1101; ;0;13;12;13;120;S;1;Torn Matí;Anglès;Presencial;0;;Manual;0;;0;0;;;;;;;;;;;;;;;;;;;;;;;
30_13485_1;6;Facultat de Ciències, Tecnologia i Enginyeries;30;Biologia;13485;Pràctiques Extracurriculars III;  ;Pràctiques Extracurriculars;0;Pràctiques extracurriculars;PRACT. Externes/Extracurrriculars;Grup Classe;1; ;0;100;0;100;0;A;0;Torn Mixt;Català;Presencial;0;;Manual;0;30_13674_1;0;0;;;;;;;;;;;;;;;;;;;;;;;
25_13485_2;6;Facultat de Ciències, Tecnologia i Enginyeries;25;Enginyeria Mecatrònica;13485;Pràctiques Extracurriculars III;  ;Pràctiques Extracurriculars;0;Pràctiques extracurriculars;PRACT. Externes/Extracurrriculars;Grup Classe;2; ;1;100;0;100;0;A;0;Torn Mixt;Català;Presencial;0;;Manual;0;30_13674_1;0;0;;;;;;;;;;;;;;;;;;;;;;;
27_13485_4;6;Facultat de Ciències, Tecnologia i Enginyeries;27;Biotecnologia;13485;Pràctiques Extracurriculars III;  ;Pràctiques Extracurriculars;0;Pràctiques extracurriculars;PRACT. Externes/Extracurrriculars;Grup Classe;4; ;0;100;0;100;0;A;0;Torn Mixt;Català;Presencial;0;;Manual;0;30_13674_1;0;0;;;;;;;;;;;;;;;;;;;;;;;
104_13485_13;6;Facultat de Ciències, Tecnologia i Enginyeries;104;Multimèdia. Aplicacions i Videojocs;13485;Pràctiques Extracurriculars III;  ;Pràctiques Extracurriculars;0;Pràctiques extracurriculars;PRACT. Externes/Extracurrriculars;Grup Classe;13; ;0;100;0;100;0;A;0;Torn Mixt;Català;Presencial;0;;Manual;0;30_13674_1;0;0;;;;;;;;;;;;;;;;;;;;;;;
107_13485_14;6;Facultat de Ciències, Tecnologia i Enginyeries;107;Enginyeria de l'Automoció;13485;Pràctiques Extracurriculars III;  ;Pràctiques Extracurriculars;0;Pràctiques extracurriculars;PRACT. Externes/Extracurrriculars;Grup Classe;14; ;0;100;0;100;0;A;0;Torn Mixt;Català;Presencial;0;;Manual;0;30_13674_1;0;0;;;;;;;;;;;;;;;;;;;;;;;
92_13485_16;6;Facultat de Ciències, Tecnologia i Enginyeries;92;Biomedicina;13485;Pràctiques Extracurriculars III;  ;Pràctiques Extracurriculars;0;Pràctiques extracurriculars;PRACT. Externes/Extracurrriculars;Grup Classe;16; ;0;100;0;100;0;A;0;Torn Mixt;Català;Presencial;0;;Manual;0;30_13674_1;0;0;;;;;;;;;;;;;;;;;;;;;;;
27_13543_11;6;Facultat de Ciències, Tecnologia i Enginyeries;27;Biotecnologia;13543;Biologia del Càncer;4;Normal;6;Optativa;NO ESTÀNDARD;Grup Classe en anglès;11; ;20;20;25;20;180;S;1;Torn Matí;Anglès;Presencial;0;1001,1002,1003,1009;Manual;0;;0;0;;;;;;;;;;;;;;;;;;;;;;;
27_13543_1101;6;Facultat de Ciències, Tecnologia i Enginyeries;27;Biotecnologia;13543;Biologia del Càncer;4;Normal;6;Optativa;NO ESTÀNDARD;Laboratori / Taller;1101; ;0;10;25;10;60;S;1;Torn Matí;Anglès;Presencial;0;;Manual;0;;0;0;;;;;;;;;;;;;;;;;;;;;;;
27_13543_1102;6;Facultat de Ciències, Tecnologia i Enginyeries;27;Biotecnologia;13543;Biologia del Càncer;4;Normal;6;Optativa;NO ESTÀNDARD;Laboratori / Taller;1102; ;0;10;25;10;60;S;1;Torn Matí;Anglès;Presencial;0;;Manual;0;;0;0;;;;;;;;;;;;;;;;;;;;;;;
30_13546_1;6;Facultat de Ciències, Tecnologia i Enginyeries;30;Biologia;13546;Pràctiques Extracurriculars IV;  ;Pràctiques Extracurriculars;0;Pràctiques extracurriculars;PRACT. Externes/Extracurrriculars;Grup Classe;1; ;0;100;0;100;0;A;0;Torn Mixt;Català;Presencial;0;;Manual;0;30_13674_1;0;0;;;;;;;;;;;;;;;;;;;;;;;
25_13546_2;6;Facultat de Ciències, Tecnologia i Enginyeries;25;Enginyeria Mecatrònica;13546;Pràctiques Extracurriculars IV;  ;Pràctiques Extracurriculars;0;Pràctiques extracurriculars;PRACT. Externes/Extracurrriculars;Grup Classe;2; ;1;100;0;100;0;A;0;Torn Mixt;Català;Presencial;0;;Manual;0;30_13674_1;0;0;;;;;;;;;;;;;;;;;;;;;;;
27_13546_4;6;Facultat de Ciències, Tecnologia i Enginyeries;27;Biotecnologia;13546;Pràctiques Extracurriculars IV;  ;Pràctiques Extracurriculars;0;Pràctiques extracurriculars;PRACT. Externes/Extracurrriculars;Grup Classe;4; ;0;100;0;100;0;A;0;Torn Mixt;Català;Presencial;0;;Manual;0;30_13674_1;0;0;;;;;;;;;;;;;;;;;;;;;;;
104_13546_13;6;Facultat de Ciències, Tecnologia i Enginyeries;104;Multimèdia. Aplicacions i Videojocs;13546;Pràctiques Extracurriculars IV;  ;Pràctiques Extracurriculars;0;Pràctiques extracurriculars;PRACT. Externes/Extracurrriculars;Grup Classe;13; ;0;100;0;100;0;A;0;Torn Mixt;Català;Presencial;0;;Manual;0;30_13674_1;0;0;;;;;;;;;;;;;;;;;;;;;;;
107_13546_14;6;Facultat de Ciències, Tecnologia i Enginyeries;107;Enginyeria de l'Automoció;13546;Pràctiques Extracurriculars IV;  ;Pràctiques Extracurriculars;0;Pràctiques extracurriculars;PRACT. Externes/Extracurrriculars;Grup Classe;14; ;0;100;0;100;0;A;0;Torn Mixt;Català;Presencial;0;;Manual;0;30_13674_1;0;0;;;;;;;;;;;;;;;;;;;;;;;
92_13546_16;6;Facultat de Ciències, Tecnologia i Enginyeries;92;Biomedicina;13546;Pràctiques Extracurriculars IV;  ;Pràctiques Extracurriculars;0;Pràctiques extracurriculars;PRACT. Externes/Extracurrriculars;Grup Classe;16; ;0;100;0;100;0;A;0;Torn Mixt;Català;Presencial;0;;Manual;0;30_13674_1;0;0;;;;;;;;;;;;;;;;;;;;;;;
30_13600_1;6;Facultat de Ciències, Tecnologia i Enginyeries;30;Biologia;13600;Pràctiques Extracurriculars II;  ;Pràctiques Extracurriculars;0;Pràctiques extracurriculars;PRACT. Externes/Extracurrriculars;Grup Classe;1; ;0;100;0;100;0;A;0;Torn Mixt;Català;Presencial;0;;Manual;0;30_13674_1;0;0;;;;;;;;;;;;;;;;;;;;;;;
25_13600_2;6;Facultat de Ciències, Tecnologia i Enginyeries;25;Enginyeria Mecatrònica;13600;Pràctiques Extracurriculars II;  ;Pràctiques Extracurriculars;0;Pràctiques extracurriculars;PRACT. Externes/Extracurrriculars;Grup Classe;2; ;2;100;0;100;0;A;0;Torn Mixt;Català;Presencial;0;;Manual;0;30_13674_1;0;0;;;;;;;;;;;;;;;;;;;;;;;
27_13600_4;6;Facultat de Ciències, Tecnologia i Enginyeries;27;Biotecnologia;13600;Pràctiques Extracurriculars II;  ;Pràctiques Extracurriculars;0;Pràctiques extracurriculars;PRACT. Externes/Extracurrriculars;Grup Classe;4; ;0;100;0;100;0;A;0;Torn Mixt;Català;Presencial;0;;Manual;0;30_13674_1;0;0;;;;;;;;;;;;;;;;;;;;;;;
104_13600_13;6;Facultat de Ciències, Tecnologia i Enginyeries;104;Multimèdia. Aplicacions i Videojocs;13600;Pràctiques Extracurriculars II;  ;Pràctiques Extracurriculars;0;Pràctiques extracurriculars;PRACT. Externes/Extracurrriculars;Grup Classe;13; ;1;100;0;100;0;A;0;Torn Mixt;Català;Presencial;0;;Manual;0;30_13674_1;0;0;;;;;;;;;;;;;;;;;;;;;;;
107_13600_14;6;Facultat de Ciències, Tecnologia i Enginyeries;107;Enginyeria de l'Automoció;13600;Pràctiques Extracurriculars II;  ;Pràctiques Extracurriculars;0;Pràctiques extracurriculars;PRACT. Externes/Extracurrriculars;Grup Classe;14; ;7;100;0;100;0;A;0;Torn Mixt;Català;Presencial;0;;Manual;0;30_13674_1;0;0;;;;;;;;;;;;;;;;;;;;;;;
92_13600_16;6;Facultat de Ciències, Tecnologia i Enginyeries;92;Biomedicina;13600;Pràctiques Extracurriculars II;  ;Pràctiques Extracurriculars;0;Pràctiques extracurriculars;PRACT. Externes/Extracurrriculars;Grup Classe;16; ;1;100;0;100;0;A;0;Torn Mixt;Català;Presencial;0;;Manual;0;30_13674_1;0;0;;;;;;;;;;;;;;;;;;;;;;;
30_13636_11;6;Facultat de Ciències, Tecnologia i Enginyeries;30;Biologia;13636;Introducció a la Programació;2;Normal;6;Formació bàsica;NO ESTÀNDARD;Grup Classe;11; ;24;30;96;30;160;S;1;Torn Matí;Català;Presencial;0;;Manual;0;;1;38;27_13692_11;;;;;;;;;;;;;;;;;;;;;;
30_13636_12;6;Facultat de Ciències, Tecnologia i Enginyeries;30;Biologia;13636;Introducció a la Programació;2;Normal;6;Formació bàsica;NO ESTÀNDARD;Grup Classe;12; ;18;35;96;35;160;S;1;Torn Matí;Català;Presencial;0;;Manual;0;;1;40;27_13692_12;;;;;;;;;;;;;;;;;;;;;;
30_13636_1101;6;Facultat de Ciències, Tecnologia i Enginyeries;30;Biologia;13636;Introducció a la Programació;2;Normal;6;Formació bàsica;NO ESTÀNDARD;Laboratori / Taller;1101; ;0;24;96;24;80;S;1;Torn Matí;Català;Presencial;0;;Manual;0;;0;0;;;;;;;;;;;;;;;;;;;;;;;
30_13636_1102;6;Facultat de Ciències, Tecnologia i Enginyeries;30;Biologia;13636;Introducció a la Programació;2;Normal;6;Formació bàsica;NO ESTÀNDARD;Laboratori / Taller;1102; ;0;24;96;24;80;S;1;Torn Matí;Català;Presencial;0;;Manual;0;;0;0;;;;;;;;;;;;;;;;;;;;;;;
30_13636_1103;6;Facultat de Ciències, Tecnologia i Enginyeries;30;Biologia;13636;Introducció a la Programació;2;Normal;6;Formació bàsica;NO ESTÀNDARD;Laboratori / Taller;1103; ;0;24;96;24;80;S;1;Torn Matí;Català;Presencial;0;;Manual;0;;0;0;;;;;;;;;;;;;;;;;;;;;;;
30_13636_1201;6;Facultat de Ciències, Tecnologia i Enginyeries;30;Biologia;13636;Introducció a la Programació;2;Normal;6;Formació bàsica;NO ESTÀNDARD;Laboratori / Taller;1201; ;0;24;96;24;80;S;1;Torn Matí;Català;Presencial;0;;Manual;0;;0;0;;;;;;;;;;;;;;;;;;;;;;;
30_13636_1202;6;Facultat de Ciències, Tecnologia i Enginyeries;30;Biologia;13636;Introducció a la Programació;2;Normal;6;Formació bàsica;NO ESTÀNDARD;Laboratori / Taller;1202; ;0;24;96;24;80;S;1;Torn Matí;Català;Presencial;0;;Manual;0;;0;0;;;;;;;;;;;;;;;;;;;;;;;
30_13636_1203;6;Facultat de Ciències, Tecnologia i Enginyeries;30;Biologia;13636;Introducció a la Programació;2;Normal;6;Formació bàsica;NO ESTÀNDARD;Laboratori / Taller;1203; ;0;24;96;24;80;S;1;Torn Matí;Català;Presencial;0;;Manual;0;;0;0;;;;;;;;;;;;;;;;;;;;;;;
30_13665_11;6;Facultat de Ciències, Tecnologia i Enginyeries;30;Biologia;13665;Bioinformàtica I;  ;Normal;6;Optativa;ESTÀNDARD;Grup Classe;11; ;4;8;5;8;0;S;1;Torn Matí;Català;Presencial;0;;Manual;0;27_13121_11;0;0;;;;;;;;;;;;;;;;;;;;;;;
30_13666_11;6;Facultat de Ciències, Tecnologia i Enginyeries;30;Biologia;13666;Bioinformàtica II;  ;Normal;6;Optativa;ESTÀNDARD;Grup Classe en anglès;11; ;3;3;0;3;240;S;2;Torn Matí;Anglès;Presencial;0;;Manual;0;27_13127_11;0;0;;;;;;;;;;;;;;;;;;;;;;;
30_13667_11;6;Facultat de Ciències, Tecnologia i Enginyeries;30;Biologia;13667;Pràctiques Externes Optatives;  ;Pràctiques Curriculars;6;Optativa;PRACT. Externes/Extracurrriculars;Grup Classe;11;Totes les tutoritzacions de pràctiques optatives estan comptabilitzades aquí;2;25;20;25;0;S;1;Torn Mixt;Català;Presencial;0;;Manual;0;;0;0;;;;;;;;;;;;;;;;;;;;;;;
30_13667_12;6;Facultat de Ciències, Tecnologia i Enginyeries;30;Biologia;13667;Pràctiques Externes Optatives;  ;Pràctiques Curriculars;6;Optativa;PRACT. Externes/Extracurrriculars;Grup Classe;12;Totes les tutoritzacions de pràctiques optatives estan comptabilitzades aquí;4;25;20;25;0;S;2;Torn Mixt;Català;Presencial;0;;Manual;0;;0;0;;;;;;;;;;;;;;;;;;;;;;;
30_13667_32;6;Facultat de Ciències, Tecnologia i Enginyeries;30;Biologia;13667;Pràctiques Externes Optatives;  ;Pràctiques Curriculars;6;Optativa;PRACT. Externes/Extracurrriculars;Grup Classe;32;Totes les tutoritzacions de pràctiques optatives estan comptabilitzades aquí;7;25;20;25;0;S;2;Torn Mixt;Català;Presencial;0;;Manual;0;;0;0;;;;;;;;;;;;;;;;;;;;;;;
30_13667_1101;6;Facultat de Ciències, Tecnologia i Enginyeries;30;Biologia;13667;Pràctiques Externes Optatives;  ;Pràctiques Curriculars;6;Optativa;PRACT. Externes/Extracurrriculars;Tutoritzacions de pràctiques externes o de TFG/TFM;1101;Totes les tutoritzacions de pràctiques optatives estan comptabilitzades aquí;0;0;20;0;500;S;1;Torn Mixt;Català;Presencial;0;;Manual;0;;0;0;;;;;;;;;;;;;;;;;;;;;;;
30_13667_1101;6;Facultat de Ciències, Tecnologia i Enginyeries;30;Biologia;13667;Pràctiques Externes Optatives;  ;Pràctiques Curriculars;6;Optativa;PRACT. Externes/Extracurrriculars;Tutories Altra Activitat Acadèmica;1101;Totes les tutoritzacions de pràctiques optatives estan comptabilitzades aquí;0;0;20;0;500;S;2;Torn Mixt;Català; ;0;;Manual;0;;0;0;;;;;;;;;;;;;;;;;;;;;;;
30_13667_1101;6;Facultat de Ciències, Tecnologia i Enginyeries;30;Biologia;13667;Pràctiques Externes Optatives;  ;Pràctiques Curriculars;6;Optativa;PRACT. Externes/Extracurrriculars;Tutoritzacions Fora Dedicació;1101;Totes les tutoritzacions de pràctiques optatives estan comptabilitzades aquí;0;0;20;0;500;S;1;Torn Mixt;Català; ;0;;Manual;0;;0;0;;;;;;;;;;;;;;;;;;;;;;;
30_13668_11;6;Facultat de Ciències, Tecnologia i Enginyeries;30;Biologia;13668;Tècniques de Seguiment i Gestió de la Fauna;  ;Normal;3;Optativa;ESTÀNDARD;Grup Classe;11; ;25;25;25;25;120;S;2;Torn Matí;Català;Presencial;0;1001,1002,1003,1009;Manual;0;;0;0;;;;;;;;;;;;;;;;;;;;;;;
30_13674_1;6;Facultat de Ciències, Tecnologia i Enginyeries;30;Biologia;13674;Pràctiques Extracurriculars I;  ;Pràctiques Extracurriculars;0;Pràctiques extracurriculars;PRACT. Externes/Extracurrriculars;Grup Classe;1; ;1;100;0;100;0;A;0;Torn Mixt;Català;Presencial;0;;Manual;0;;23;20;92_13485_16;107_13600_14;107_13485_14;27_13546_4;27_13485_4;104_13485_13;30_13546_1;25_13485_2;92_13546_16;25_13546_2;104_13600_13;25_13600_2;104_13674_13;92_13674_16;107_13674_14;27_13674_4;25_13674_2;107_13546_14;104_13546_13;30_13600_1;92_13600_16;30_13485_1;27_13600_4
104_13674_1;6;Facultat de Ciències, Tecnologia i Enginyeries;104;Multimèdia. Aplicacions i Videojocs;13674;Pràctiques Extracurriculars I;  ;Pràctiques Extracurriculars;0;Pràctiques extracurriculars;PRACT. Externes/Extracurrriculars;Tutoritzacions de pràctiques extracurriculars;1; ;0;0;0;0;300;A;0;Torn Mixt;Català;Presencial;0;;Manual;0;;0;0;;;;;;;;;;;;;;;;;;;;;;;
92_13674_1;6;Facultat de Ciències, Tecnologia i Enginyeries;92;Biomedicina;13674;Pràctiques Extracurriculars I;  ;Pràctiques Extracurriculars;0;Pràctiques extracurriculars;PRACT. Externes/Extracurrriculars;Tutoritzacions de pràctiques extracurriculars;1; ;0;0;0;0;300;A;0;Torn Mixt;Català;Presencial;0;;Manual;0;;0;0;;;;;;;;;;;;;;;;;;;;;;;
107_13674_1;6;Facultat de Ciències, Tecnologia i Enginyeries;107;Enginyeria de l'Automoció;13674;Pràctiques Extracurriculars I;  ;Pràctiques Extracurriculars;0;Pràctiques extracurriculars;PRACT. Externes/Extracurrriculars;Tutoritzacions de pràctiques extracurriculars;1; ;0;0;0;0;300;A;0;Torn Mixt;Català;Presencial;0;;Manual;0;;0;0;;;;;;;;;;;;;;;;;;;;;;;
27_13674_1;6;Facultat de Ciències, Tecnologia i Enginyeries;27;Biotecnologia;13674;Pràctiques Extracurriculars I;  ;Pràctiques Extracurriculars;0;Pràctiques extracurriculars;PRACT. Externes/Extracurrriculars;Tutoritzacions de pràctiques extracurriculars;1; ;0;0;0;0;300;A;0;Torn Mixt;Català;Presencial;0;;Manual;0;;0;0;;;;;;;;;;;;;;;;;;;;;;;
25_13674_1;6;Facultat de Ciències, Tecnologia i Enginyeries;25;Enginyeria Mecatrònica;13674;Pràctiques Extracurriculars I;  ;Pràctiques Extracurriculars;0;Pràctiques extracurriculars;PRACT. Externes/Extracurrriculars;Tutoritzacions de pràctiques extracurriculars;1; ;0;0;0;0;300;A;0;Torn Mixt;Català;Presencial;0;;Manual;0;;0;0;;;;;;;;;;;;;;;;;;;;;;;
30_13674_1;6;Facultat de Ciències, Tecnologia i Enginyeries;30;Biologia;13674;Pràctiques Extracurriculars I;  ;Pràctiques Extracurriculars;0;Pràctiques extracurriculars;PRACT. Externes/Extracurrriculars;Tutoritzacions de pràctiques extracurriculars;1; ;0;0;0;0;300;A;0;Torn Mixt;Català;Presencial;0;;Manual;0;;0;0;;;;;;;;;;;;;;;;;;;;;;;
25_13674_2;6;Facultat de Ciències, Tecnologia i Enginyeries;25;Enginyeria Mecatrònica;13674;Pràctiques Extracurriculars I;  ;Pràctiques Extracurriculars;0;Pràctiques extracurriculars;PRACT. Externes/Extracurrriculars;Grup Classe;2; ;1;100;0;100;0;A;0;Torn Mixt;Català;Presencial;0;;Manual;0;30_13674_1;0;0;;;;;;;;;;;;;;;;;;;;;;;
27_13674_4;6;Facultat de Ciències, Tecnologia i Enginyeries;27;Biotecnologia;13674;Pràctiques Extracurriculars I;  ;Pràctiques Extracurriculars;0;Pràctiques extracurriculars;PRACT. Externes/Extracurrriculars;Grup Classe;4; ;1;100;0;100;0;A;0;Torn Mixt;Català;Presencial;0;;Manual;0;30_13674_1;0;0;;;;;;;;;;;;;;;;;;;;;;;
104_13674_13;6;Facultat de Ciències, Tecnologia i Enginyeries;104;Multimèdia. Aplicacions i Videojocs;13674;Pràctiques Extracurriculars I;  ;Pràctiques Extracurriculars;0;Pràctiques extracurriculars;PRACT. Externes/Extracurrriculars;Grup Classe;13; ;0;100;0;100;0;A;0;Torn Mixt;Català;Presencial;0;;Manual;0;30_13674_1;0;0;;;;;;;;;;;;;;;;;;;;;;;
107_13674_14;6;Facultat de Ciències, Tecnologia i Enginyeries;107;Enginyeria de l'Automoció;13674;Pràctiques Extracurriculars I;  ;Pràctiques Extracurriculars;0;Pràctiques extracurriculars;PRACT. Externes/Extracurrriculars;Grup Classe;14; ;4;100;0;100;0;A;0;Torn Mixt;Català;Presencial;0;;Manual;0;30_13674_1;0;0;;;;;;;;;;;;;;;;;;;;;;;
92_13674_16;6;Facultat de Ciències, Tecnologia i Enginyeries;92;Biomedicina;13674;Pràctiques Extracurriculars I;  ;Pràctiques Extracurriculars;0;Pràctiques extracurriculars;PRACT. Externes/Extracurrriculars;Grup Classe;16; ;1;100;0;100;0;A;0;Torn Mixt;Català;Presencial;0;;Manual;0;30_13674_1;0;0;;;;;;;;;;;;;;;;;;;;;;;
27_13675_11;6;Facultat de Ciències, Tecnologia i Enginyeries;27;Biotecnologia;13675;Pràctiques Externes Optatives;4;Pràctiques Curriculars;6;Optativa;PRACT. Externes/Extracurrriculars;Grup Classe;11;No informat;2;25;15;25;0;S;1;Torn Mixt;Català;Presencial;0;;Manual;0;;0;0;;;;;;;;;;;;;;;;;;;;;;;
27_13675_12;6;Facultat de Ciències, Tecnologia i Enginyeries;27;Biotecnologia;13675;Pràctiques Externes Optatives;4;Pràctiques Curriculars;6;Optativa;PRACT. Externes/Extracurrriculars;Grup Classe;12;No informat;7;25;15;25;0;S;2;Torn Mixt;Català;Presencial;0;;Manual;0;;0;0;;;;;;;;;;;;;;;;;;;;;;;
27_13675_32;6;Facultat de Ciències, Tecnologia i Enginyeries;27;Biotecnologia;13675;Pràctiques Externes Optatives;4;Pràctiques Curriculars;6;Optativa;PRACT. Externes/Extracurrriculars;Grup Classe;32;No informat;4;25;15;25;0;S;2;Torn Mixt;Català;Presencial;0;;Manual;0;;0;0;;;;;;;;;;;;;;;;;;;;;;;
27_13675_1101;6;Facultat de Ciències, Tecnologia i Enginyeries;27;Biotecnologia;13675;Pràctiques Externes Optatives;4;Pràctiques Curriculars;6;Optativa;PRACT. Externes/Extracurrriculars;Tutoritzacions Fora Dedicació;1101;No informat;0;0;15;0;500;S;1;Torn Mixt;Català; ;0;;Manual;0;;0;0;;;;;;;;;;;;;;;;;;;;;;;
27_13675_1101;6;Facultat de Ciències, Tecnologia i Enginyeries;27;Biotecnologia;13675;Pràctiques Externes Optatives;4;Pràctiques Curriculars;6;Optativa;PRACT. Externes/Extracurrriculars;Tutoritzacions de pràctiques externes o de TFG/TFM;1101;No informat;0;0;15;0;500;S;1;Torn Mixt;Català;Presencial;0;;Manual;0;;0;0;;;;;;;;;;;;;;;;;;;;;;;
27_13675_1101;6;Facultat de Ciències, Tecnologia i Enginyeries;27;Biotecnologia;13675;Pràctiques Externes Optatives;4;Pràctiques Curriculars;6;Optativa;PRACT. Externes/Extracurrriculars;Tutories Altra Activitat Acadèmica;1101;No informat;0;0;15;0;500;S;2;Torn Mixt;Català; ;0;;Manual;0;;0;0;;;;;;;;;;;;;;;;;;;;;;;
27_13692_11;6;Facultat de Ciències, Tecnologia i Enginyeries;27;Biotecnologia;13692;Introducció a la Programació;2;Normal;6;Formació bàsica;NO ESTÀNDARD;Grup Classe;11; ;38;45;46;45;0;S;1;Torn Matí;Català;Presencial;0;;Manual;0;30_13636_11;0;0;;;;;;;;;;;;;;;;;;;;;;;
27_13692_12;6;Facultat de Ciències, Tecnologia i Enginyeries;27;Biotecnologia;13692;Introducció a la Programació;2;Normal;6;Formació bàsica;NO ESTÀNDARD;Grup Classe;12; ;40;45;46;45;0;S;1;Torn Matí;Català;Presencial;0;;Manual;0;30_13636_12;0;0;;;;;;;;;;;;;;;;;;;;;;;
45_14487_1;6;Facultat de Ciències, Tecnologia i Enginyeries;45;Anàlisi de Dades Òmiques / Omics Data Analysis;14487;Pràctiques Extracurriculars;1;Pràctiques Extracurriculars;0;Pràctiques extracurriculars;PRACT. Externes/Extracurrriculars;Grup Classe;1; ;0;5;0;5;0;A;0;Torn Mixt;Català;Presencial;0;;Manual;0;;0;0;;;;;;;;;;;;;;;;;;;;;;;
45_14487_1;6;Facultat de Ciències, Tecnologia i Enginyeries;45;Anàlisi de Dades Òmiques / Omics Data Analysis;14487;Pràctiques Extracurriculars;1;Pràctiques Extracurriculars;0;Pràctiques extracurriculars;PRACT. Externes/Extracurrriculars;Tutoritzacions de pràctiques extracurriculars;1; ;0;0;0;0;0;A;0;Torn Mixt;Català;Presencial;0;;Manual;0;;0;0;;;;;;;;;;;;;;;;;;;;;;;
45_14490_1;6;Facultat de Ciències, Tecnologia i Enginyeries;45;Anàlisi de Dades Òmiques / Omics Data Analysis;14490;Epigenòmica ;1;Normal;5;Obligatòria;ESTÀNDARD;Docència Fora dedicació;1;ENG;0;0;30;0;200;A;0;Torn Mixt;Anglès; ;0;;Manual;0;;0;0;;;;;;;;;;;;;;;;;;;;;;;
45_14490_55;6;Facultat de Ciències, Tecnologia i Enginyeries;45;Anàlisi de Dades Òmiques / Omics Data Analysis;14490;Epigenòmica ;1;Normal;5;Obligatòria;ESTÀNDARD;Grup Classe;55;ENG;6;15;30;15;200;A;0;Torn Tarda;Anglès;Presencial;0;;Manual;0;;1;13;45_14490_59;;;;;;;;;;;;;;;;;;;;;;
45_14490_59;6;Facultat de Ciències, Tecnologia i Enginyeries;45;Anàlisi de Dades Òmiques / Omics Data Analysis;14490;Epigenòmica ;1;Normal;5;Obligatòria;ESTÀNDARD;Grup Classe;59;ENG;13;22;30;22;200;A;0;Torn Mixt;Anglès;Online;0;;Manual;0;45_14490_55;0;0;;;;;;;;;;;;;;;;;;;;;;;
45_14491_1;6;Facultat de Ciències, Tecnologia i Enginyeries;45;Anàlisi de Dades Òmiques / Omics Data Analysis;14491;Genòmica;1;Normal;7;Obligatòria;ESTÀNDARD;Docència Fora dedicació;1;ENG;0;0;30;0;280;A;0;Torn Matí;Anglès; ;0;;Manual;0;;0;0;;;;;;;;;;;;;;;;;;;;;;;
45_14491_55;6;Facultat de Ciències, Tecnologia i Enginyeries;45;Anàlisi de Dades Òmiques / Omics Data Analysis;14491;Genòmica;1;Normal;7;Obligatòria;ESTÀNDARD;Grup Classe;55;ENG;6;15;30;15;280;A;0;Torn Tarda;Anglès;Presencial;0;;Manual;0;;1;13;45_14491_59;;;;;;;;;;;;;;;;;;;;;;
45_14491_59;6;Facultat de Ciències, Tecnologia i Enginyeries;45;Anàlisi de Dades Òmiques / Omics Data Analysis;14491;Genòmica;1;Normal;7;Obligatòria;ESTÀNDARD;Grup Classe;59;ENG;13;25;30;25;280;A;0;Torn Mixt;Anglès;Online;0;;Manual;0;45_14491_55;0;0;;;;;;;;;;;;;;;;;;;;;;;
45_14492_1;6;Facultat de Ciències, Tecnologia i Enginyeries;45;Anàlisi de Dades Òmiques / Omics Data Analysis;14492;Interactòmica ;1;Normal;7;Obligatòria;ESTÀNDARD;Docència Fora dedicació;1;ENG;0;0;30;0;280;A;0;Torn Matí;Anglès; ;0;;Manual;0;;0;0;;;;;;;;;;;;;;;;;;;;;;;
45_14492_55;6;Facultat de Ciències, Tecnologia i Enginyeries;45;Anàlisi de Dades Òmiques / Omics Data Analysis;14492;Interactòmica ;1;Normal;7;Obligatòria;ESTÀNDARD;Grup Classe;55;ENG;6;15;30;15;280;A;0;Torn Tarda;Anglès;Presencial;0;;Manual;0;;1;9;45_14492_59;;;;;;;;;;;;;;;;;;;;;;
45_14492_59;6;Facultat de Ciències, Tecnologia i Enginyeries;45;Anàlisi de Dades Òmiques / Omics Data Analysis;14492;Interactòmica ;1;Normal;7;Obligatòria;ESTÀNDARD;Grup Classe;59;ENG;9;22;30;22;280;A;0;Torn Mixt;Anglès;Online;0;;Manual;0;45_14492_55;0;0;;;;;;;;;;;;;;;;;;;;;;;
45_14493_1;6;Facultat de Ciències, Tecnologia i Enginyeries;45;Anàlisi de Dades Òmiques / Omics Data Analysis;14493;Proteòmica ;1;Normal;5;Obligatòria;ESTÀNDARD;Docència Fora dedicació;1;ENG;0;0;30;0;200;A;0;Torn Matí;Anglès; ;0;;Manual;0;;0;0;;;;;;;;;;;;;;;;;;;;;;;
45_14493_55;6;Facultat de Ciències, Tecnologia i Enginyeries;45;Anàlisi de Dades Òmiques / Omics Data Analysis;14493;Proteòmica ;1;Normal;5;Obligatòria;ESTÀNDARD;Grup Classe;55;ENG;6;15;30;15;200;A;0;Torn Tarda;Anglès;Presencial;0;;Manual;0;;1;9;45_14493_59;;;;;;;;;;;;;;;;;;;;;;
45_14493_59;6;Facultat de Ciències, Tecnologia i Enginyeries;45;Anàlisi de Dades Òmiques / Omics Data Analysis;14493;Proteòmica ;1;Normal;5;Obligatòria;ESTÀNDARD;Grup Classe;59;ENG;9;22;30;22;200;A;0;Torn Mixt;Anglès;Online;0;;Manual;0;45_14493_55;0;0;;;;;;;;;;;;;;;;;;;;;;;
45_14494_1;6;Facultat de Ciències, Tecnologia i Enginyeries;45;Anàlisi de Dades Òmiques / Omics Data Analysis;14494;Transcriptòmica ;1;Normal;7;Obligatòria;ESTÀNDARD;Docència Fora dedicació;1;ENG;0;0;30;0;280;A;0;Torn Matí;Anglès; ;0;;Manual;0;;0;0;;;;;;;;;;;;;;;;;;;;;;;
45_14494_55;6;Facultat de Ciències, Tecnologia i Enginyeries;45;Anàlisi de Dades Òmiques / Omics Data Analysis;14494;Transcriptòmica ;1;Normal;7;Obligatòria;ESTÀNDARD;Grup Classe;55;ENG;6;15;30;15;280;A;0;Torn Tarda;Anglès;Presencial;0;;Manual;0;;1;12;45_14494_59;;;;;;;;;;;;;;;;;;;;;;
45_14494_59;6;Facultat de Ciències, Tecnologia i Enginyeries;45;Anàlisi de Dades Òmiques / Omics Data Analysis;14494;Transcriptòmica ;1;Normal;7;Obligatòria;ESTÀNDARD;Grup Classe;59;ENG;12;22;30;22;280;A;0;Torn Mixt;Anglès;Online;0;;Manual;0;45_14494_55;0;0;;;;;;;;;;;;;;;;;;;;;;;
45_14495_1;6;Facultat de Ciències, Tecnologia i Enginyeries;45;Anàlisi de Dades Òmiques / Omics Data Analysis;14495;Treball de Fi de Màster ;1;Treball fi de màster;15;Treball de fi de màster;TFG/TFM;Tutoritzacions Fora Dedicació;1;ENG. 1 grup 15 i 1 grup 10;0;0;25;0;375;A;0;Torn Tarda;Anglès;Presencial;0;;Manual;0;;0;0;;;;;;;;;;;;;;;;;;;;;;;
45_14495_55;6;Facultat de Ciències, Tecnologia i Enginyeries;45;Anàlisi de Dades Òmiques / Omics Data Analysis;14495;Treball de Fi de Màster ;1;Treball fi de màster;15;Treball de fi de màster;TFG/TFM;Grup Classe;55;ENG. 1 grup 15 i 1 grup 10;6;15;25;15;0;A;0;Torn Tarda;Anglès;Presencial;0;;Manual;0;;1;10;45_14495_59;;;;;;;;;;;;;;;;;;;;;;
45_14495_59;6;Facultat de Ciències, Tecnologia i Enginyeries;45;Anàlisi de Dades Òmiques / Omics Data Analysis;14495;Treball de Fi de Màster ;1;Treball fi de màster;15;Treball de fi de màster;TFG/TFM;Grup Classe;59;ENG. 1 grup 15 i 1 grup 10;10;25;25;25;0;A;0;Torn Mixt;Anglès;Online;0;;Manual;0;45_14495_55;0;0;;;;;;;;;;;;;;;;;;;;;;;
45_14495_5501;6;Facultat de Ciències, Tecnologia i Enginyeries;45;Anàlisi de Dades Òmiques / Omics Data Analysis;14495;Treball de Fi de Màster ;1;Treball fi de màster;15;Treball de fi de màster;TFG/TFM;Tribunals de TFG i TFM;5501;ENG. 1 grup 15 i 1 grup 10;0;0;25;0;150;A;0;Torn Tarda;Anglès;Presencial;0;;Manual;0;;0;0;;;;;;;;;;;;;;;;;;;;;;;
45_14495_5501;6;Facultat de Ciències, Tecnologia i Enginyeries;45;Anàlisi de Dades Òmiques / Omics Data Analysis;14495;Treball de Fi de Màster ;1;Treball fi de màster;15;Treball de fi de màster;TFG/TFM;Tutoritzacions de pràctiques externes o de TFG/TFM;5501;ENG. 1 grup 15 i 1 grup 10;0;0;25;0;375;A;0;Torn Tarda;Anglès;Presencial;0;;Manual;0;;0;0;;;;;;;;;;;;;;;;;;;;;;;
30_14516_11;6;Facultat de Ciències, Tecnologia i Enginyeries;30;Biologia;14516;Tècniques Instrumentals Bàsiques;2;Normal;6;Obligatòria;NO ESTÀNDARD;Grup Classe;11; ;19;30;80;30;160;S;1;Torn Matí;Català;Presencial;0;;Manual;0;;1;30;27_14517_11;;;;;;;;;;;;;;;;;;;;;;
30_14516_12;6;Facultat de Ciències, Tecnologia i Enginyeries;30;Biologia;14516;Tècniques Instrumentals Bàsiques;2;Normal;6;Obligatòria;NO ESTÀNDARD;Grup Classe;12; ;15;35;80;35;160;S;1;Torn Matí;Català;Presencial;0;;Manual;0;;1;26;27_14517_12;;;;;;;;;;;;;;;;;;;;;;
30_14516_1101;6;Facultat de Ciències, Tecnologia i Enginyeries;30;Biologia;14516;Tècniques Instrumentals Bàsiques;2;Normal;6;Obligatòria;NO ESTÀNDARD;Laboratori / Taller;1101; ;0;16;80;16;80;S;1;Torn Matí;Català;Presencial;0;;Manual;0;;0;0;;;;;;;;;;;;;;;;;;;;;;;
30_14516_1102;6;Facultat de Ciències, Tecnologia i Enginyeries;30;Biologia;14516;Tècniques Instrumentals Bàsiques;2;Normal;6;Obligatòria;NO ESTÀNDARD;Laboratori / Taller;1102; ;0;16;80;16;80;S;1;Torn Matí;Català;Presencial;0;;Manual;0;;0;0;;;;;;;;;;;;;;;;;;;;;;;
30_14516_1103;6;Facultat de Ciències, Tecnologia i Enginyeries;30;Biologia;14516;Tècniques Instrumentals Bàsiques;2;Normal;6;Obligatòria;NO ESTÀNDARD;Laboratori / Taller;1103; ;0;16;80;16;80;S;1;Torn Matí;Català;Presencial;0;;Manual;0;;0;0;;;;;;;;;;;;;;;;;;;;;;;
30_14516_1104;6;Facultat de Ciències, Tecnologia i Enginyeries;30;Biologia;14516;Tècniques Instrumentals Bàsiques;2;Normal;6;Obligatòria;NO ESTÀNDARD;Laboratori / Taller;1104; ;0;16;80;16;80;S;1;Torn Matí;Català;Presencial;0;;Manual;0;;0;0;;;;;;;;;;;;;;;;;;;;;;;
30_14516_1201;6;Facultat de Ciències, Tecnologia i Enginyeries;30;Biologia;14516;Tècniques Instrumentals Bàsiques;2;Normal;6;Obligatòria;NO ESTÀNDARD;Laboratori / Taller;1201; ;0;16;80;16;80;S;1;Torn Matí;Català;Presencial;0;;Manual;0;;0;0;;;;;;;;;;;;;;;;;;;;;;;
30_14516_1202;6;Facultat de Ciències, Tecnologia i Enginyeries;30;Biologia;14516;Tècniques Instrumentals Bàsiques;2;Normal;6;Obligatòria;NO ESTÀNDARD;Laboratori / Taller;1202; ;0;16;80;16;80;S;1;Torn Matí;Català;Presencial;0;;Manual;0;;0;0;;;;;;;;;;;;;;;;;;;;;;;
30_14516_1203;6;Facultat de Ciències, Tecnologia i Enginyeries;30;Biologia;14516;Tècniques Instrumentals Bàsiques;2;Normal;6;Obligatòria;NO ESTÀNDARD;Laboratori / Taller;1203; ;0;16;80;16;80;S;1;Torn Matí;Català;Presencial;0;;Manual;0;;0;0;;;;;;;;;;;;;;;;;;;;;;;
30_14516_1204;6;Facultat de Ciències, Tecnologia i Enginyeries;30;Biologia;14516;Tècniques Instrumentals Bàsiques;2;Normal;6;Obligatòria;NO ESTÀNDARD;Laboratori / Taller;1204; ;0;16;80;16;80;S;1;Torn Matí;Català;Presencial;0;;Manual;0;;0;0;;;;;;;;;;;;;;;;;;;;;;;
27_14517_11;6;Facultat de Ciències, Tecnologia i Enginyeries;27;Biotecnologia;14517;Tècniques Instrumentals Bàsiques;2;Normal;6;Obligatòria;NO ESTÀNDARD;Grup Classe;11; ;30;35;40;35;0;S;1;Torn Matí;Català;Presencial;0;;Manual;0;30_14516_11;0;0;;;;;;;;;;;;;;;;;;;;;;;
27_14517_12;6;Facultat de Ciències, Tecnologia i Enginyeries;27;Biotecnologia;14517;Tècniques Instrumentals Bàsiques;2;Normal;6;Obligatòria;NO ESTÀNDARD;Grup Classe;12; ;26;40;40;40;0;S;1;Torn Matí;Català;Presencial;0;;Manual;0;30_14516_12;0;0;;;;;;;;;;;;;;;;;;;;;;;
25_14520_15;6;Facultat de Ciències, Tecnologia i Enginyeries;25;Enginyeria Mecatrònica;14520;Mètodes Estadístics per a l'Enginyeria ;2;Normal;6;Formació bàsica;ESTÀNDARD;Grup Classe en anglès;15; ;38;45;24;45;240;S;2;Torn Tarda;Anglès;Presencial;0;1001,1002,1003,1009;Manual;0;;0;0;;;;;;;;;;;;;;;;;;;;;;;
30_14522_11;6;Facultat de Ciències, Tecnologia i Enginyeries;30;Biologia;14522;Ecosistemes Aquàtics;3;Normal;6;Obligatòria;NO ESTÀNDARD;Grup Classe en anglès;11; ;31;50;29;50;180;S;2;Torn Matí;Anglès;Presencial;0;1001,1002,1003,1009;Manual;0;;0;0;;;;;;;;;;;;;;;;;;;;;;;
30_14522_1101;6;Facultat de Ciències, Tecnologia i Enginyeries;30;Biologia;14522;Ecosistemes Aquàtics;3;Normal;6;Obligatòria;NO ESTÀNDARD;Laboratori / Taller;1101; ;0;14;29;14;60;S;2;Torn Matí;Anglès;Presencial;0;;Manual;0;;0;0;;;;;;;;;;;;;;;;;;;;;;;
30_14522_1102;6;Facultat de Ciències, Tecnologia i Enginyeries;30;Biologia;14522;Ecosistemes Aquàtics;3;Normal;6;Obligatòria;NO ESTÀNDARD;Laboratori / Taller;1102; ;0;14;29;14;60;S;2;Torn Matí;Anglès;Presencial;0;;Manual;0;;0;0;;;;;;;;;;;;;;;;;;;;;;;
30_14522_1103;6;Facultat de Ciències, Tecnologia i Enginyeries;30;Biologia;14522;Ecosistemes Aquàtics;3;Normal;6;Obligatòria;NO ESTÀNDARD;Laboratori / Taller;1103; ;0;14;29;14;60;S;2;Torn Matí;Anglès;Presencial;0;;Manual;0;;0;0;;;;;;;;;;;;;;;;;;;;;;;
104_15828_15;6;Facultat de Ciències, Tecnologia i Enginyeries;104;Multimèdia. Aplicacions i Videojocs;15828;Matemàtiques;1;Normal;6;Formació bàsica;NO ESTÀNDARD;Grup Classe;15; ;21;45;24;45;180;S;1;Torn Matí;Català;Presencial;0;;Manual;0;;0;0;;;;;;;;;;;;;;;;;;;;;;;
104_15828_1501;6;Facultat de Ciències, Tecnologia i Enginyeries;104;Multimèdia. Aplicacions i Videojocs;15828;Matemàtiques;1;Normal;6;Formació bàsica;NO ESTÀNDARD;Laboratori / Taller;1501; ;0;30;24;30;60;S;1;Torn Matí;Català;Presencial;0;;Manual;0;;0;0;;;;;;;;;;;;;;;;;;;;;;;
104_15831_15;6;Facultat de Ciències, Tecnologia i Enginyeries;104;Multimèdia. Aplicacions i Videojocs;15831;Fonaments de Programació;1;Normal;6;Formació bàsica;NO ESTÀNDARD;Grup Classe;15; ;8;45;20;45;160;S;1;Torn Matí;Català;Presencial;0;;Manual;0;;0;0;;;;;;;;;;;;;;;;;;;;;;;
104_15831_1501;6;Facultat de Ciències, Tecnologia i Enginyeries;104;Multimèdia. Aplicacions i Videojocs;15831;Fonaments de Programació;1;Normal;6;Formació bàsica;NO ESTÀNDARD;Laboratori / Taller;1501; ;0;24;20;24;80;S;1;Torn Matí;Català;Presencial;0;;Manual;0;;0;0;;;;;;;;;;;;;;;;;;;;;;;
104_15833_15;6;Facultat de Ciències, Tecnologia i Enginyeries;104;Multimèdia. Aplicacions i Videojocs;15833;Programació Orientada a Objectes;1;Normal;6;Formació bàsica;NO ESTÀNDARD;Grup Classe;15; ;11;45;20;45;160;S;2;Torn Matí;Català;Presencial;0;;Manual;0;;0;0;;;;;;;;;;;;;;;;;;;;;;;
104_15833_1501;6;Facultat de Ciències, Tecnologia i Enginyeries;104;Multimèdia. Aplicacions i Videojocs;15833;Programació Orientada a Objectes;1;Normal;6;Formació bàsica;NO ESTÀNDARD;Laboratori / Taller;1501; ;0;24;20;24;80;S;2;Torn Matí;Català;Presencial;0;;Manual;0;;0;0;;;;;;;;;;;;;;;;;;;;;;;
104_15834_15;6;Facultat de Ciències, Tecnologia i Enginyeries;104;Multimèdia. Aplicacions i Videojocs;15834;Programació d'Interfícies;2;Normal;6;Formació bàsica;NO ESTÀNDARD;Grup Classe;15; ;23;45;15;45;160;S;1;Torn Matí;Català;Presencial;0;;Manual;0;;0;0;;;;;;;;;;;;;;;;;;;;;;;
104_15834_1501;6;Facultat de Ciències, Tecnologia i Enginyeries;104;Multimèdia. Aplicacions i Videojocs;15834;Programació d'Interfícies;2;Normal;6;Formació bàsica;NO ESTÀNDARD;Laboratori / Taller;1501; ;0;24;15;24;80;S;1;Torn Matí;Català;Presencial;0;;Manual;0;;0;0;;;;;;;;;;;;;;;;;;;;;;;
104_15835_15;6;Facultat de Ciències, Tecnologia i Enginyeries;104;Multimèdia. Aplicacions i Videojocs;15835;Bases de Dades i Emmagatzematge en Núvol;2;Normal;6;Obligatòria;ESTÀNDARD;Grup Classe;15; ;13;45;25;45;240;S;2;Torn Matí;Català;Presencial;0;;Manual;0;;1;7;25_16685_15;;;;;;;;;;;;;;;;;;;;;;
104_15836_15;6;Facultat de Ciències, Tecnologia i Enginyeries;104;Multimèdia. Aplicacions i Videojocs;15836;Llenguatges Web;2;Normal;6;Formació bàsica;NO ESTÀNDARD;Grup Classe;15; ;17;45;15;45;160;S;1;Torn Matí;Català;Presencial;0;;Manual;0;;0;0;;;;;;;;;;;;;;;;;;;;;;;
104_15836_1501;6;Facultat de Ciències, Tecnologia i Enginyeries;104;Multimèdia. Aplicacions i Videojocs;15836;Llenguatges Web;2;Normal;6;Formació bàsica;NO ESTÀNDARD;Laboratori / Taller;1501; ;0;24;15;24;80;S;1;Torn Matí;Català;Presencial;0;;Manual;0;;0;0;;;;;;;;;;;;;;;;;;;;;;;
104_15837_15;6;Facultat de Ciències, Tecnologia i Enginyeries;104;Multimèdia. Aplicacions i Videojocs;15837;Programació Hipermèdia;2;Normal;6;Obligatòria;NO ESTÀNDARD;Grup Classe;15; ;17;45;15;45;160;S;2;Torn Matí;Català;Presencial;0;;Manual;0;;0;0;;;;;;;;;;;;;;;;;;;;;;;
104_15837_1501;6;Facultat de Ciències, Tecnologia i Enginyeries;104;Multimèdia. Aplicacions i Videojocs;15837;Programació Hipermèdia;2;Normal;6;Obligatòria;NO ESTÀNDARD;Laboratori / Taller;1501; ;0;20;15;20;80;S;2;Torn Matí;Català;Presencial;0;;Manual;0;;0;0;;;;;;;;;;;;;;;;;;;;;;;
104_15838_15;6;Facultat de Ciències, Tecnologia i Enginyeries;104;Multimèdia. Aplicacions i Videojocs;15838;Desenvolupament d'Entorns Web;3;Normal;6;Obligatòria;NO ESTÀNDARD;Grup Classe;15;No informat;15;45;24;45;160;S;1;Torn Matí;Català;Presencial;0;;Manual;0;;0;0;;;;;;;;;;;;;;;;;;;;;;;
104_15838_1501;6;Facultat de Ciències, Tecnologia i Enginyeries;104;Multimèdia. Aplicacions i Videojocs;15838;Desenvolupament d'Entorns Web;3;Normal;6;Obligatòria;NO ESTÀNDARD;Laboratori / Taller;1501;No informat;0;24;24;24;80;S;1;Torn Matí;Català;Presencial;0;;Manual;0;;0;0;;;;;;;;;;;;;;;;;;;;;;;
104_15839_15;6;Facultat de Ciències, Tecnologia i Enginyeries;104;Multimèdia. Aplicacions i Videojocs;15839;Desenvolupament d'Aplicacions Android;3;Normal;6;Obligatòria;NO ESTÀNDARD;Grup Classe;15; ;17;45;16;45;120;S;1;Torn Matí;Català;Presencial;0;;Manual;0;;0;0;;;;;;;;;;;;;;;;;;;;;;;
104_15839_1501;6;Facultat de Ciències, Tecnologia i Enginyeries;104;Multimèdia. Aplicacions i Videojocs;15839;Desenvolupament d'Aplicacions Android;3;Normal;6;Obligatòria;NO ESTÀNDARD;Laboratori / Taller;1501; ;0;20;16;20;120;S;1;Torn Matí;Català;Presencial;0;;Manual;0;;0;0;;;;;;;;;;;;;;;;;;;;;;;
104_15840_15;6;Facultat de Ciències, Tecnologia i Enginyeries;104;Multimèdia. Aplicacions i Videojocs;15840;Desenvolupament d'Aplicacions iOS;3;Normal;6;Obligatòria;NO ESTÀNDARD;Grup Classe;15; ;21;45;20;45;120;S;2;Torn Matí;Català;Presencial;1;;Manual;0;;0;0;;;;;;;;;;;;;;;;;;;;;;;
104_15840_1501;6;Facultat de Ciències, Tecnologia i Enginyeries;104;Multimèdia. Aplicacions i Videojocs;15840;Desenvolupament d'Aplicacions iOS;3;Normal;6;Obligatòria;NO ESTÀNDARD;Laboratori / Taller;1501; ;0;20;20;20;120;S;2;Torn Matí;Català;Presencial;0;;Manual;0;;0;0;;;;;;;;;;;;;;;;;;;;;;;
104_15841_15;6;Facultat de Ciències, Tecnologia i Enginyeries;104;Multimèdia. Aplicacions i Videojocs;15841;Aplicacions Multiplataforma;3;Normal;6;Obligatòria;NO ESTÀNDARD;Grup Classe;15;No informat;16;45;15;45;160;S;2;Torn Matí;Català;Presencial;0;;Manual;0;;0;0;;;;;;;;;;;;;;;;;;;;;;;
104_15841_1501;6;Facultat de Ciències, Tecnologia i Enginyeries;104;Multimèdia. Aplicacions i Videojocs;15841;Aplicacions Multiplataforma;3;Normal;6;Obligatòria;NO ESTÀNDARD;Laboratori / Taller;1501;No informat;0;24;15;24;80;S;2;Torn Matí;Català;Presencial;0;;Manual;0;;0;0;;;;;;;;;;;;;;;;;;;;;;;
104_15842_15;6;Facultat de Ciències, Tecnologia i Enginyeries;104;Multimèdia. Aplicacions i Videojocs;15842;Disseny de Jocs ;2;Normal;6;Obligatòria;ESTÀNDARD;Grup Classe en anglès;15; ;18;45;15;45;240;S;1;Torn Matí;Anglès;Presencial;0;1001,1002,1003,1009;Manual;0;;0;0;;;;;;;;;;;;;;;;;;;;;;;
104_15843_15;6;Facultat de Ciències, Tecnologia i Enginyeries;104;Multimèdia. Aplicacions i Videojocs;15843;Programació de Videojocs ;2;Normal;6;Obligatòria;NO ESTÀNDARD;Grup Classe en anglès;15;No informat;15;45;15;45;80;S;2;Torn Matí;Anglès;Presencial;0;1001,1002,1003,1009;Manual;0;;0;0;;;;;;;;;;;;;;;;;;;;;;;
104_15843_1501;6;Facultat de Ciències, Tecnologia i Enginyeries;104;Multimèdia. Aplicacions i Videojocs;15843;Programació de Videojocs ;2;Normal;6;Obligatòria;NO ESTÀNDARD;Laboratori / Taller;1501;No informat;0;20;15;20;160;S;2;Torn Matí;Anglès;Presencial;0;;Manual;0;;0;0;;;;;;;;;;;;;;;;;;;;;;;
104_15844_15;6;Facultat de Ciències, Tecnologia i Enginyeries;104;Multimèdia. Aplicacions i Videojocs;15844;Programació de Videojocs en 3D ;3;Normal;6;Obligatòria;NO ESTÀNDARD;Grup Classe en anglès;15; ;22;45;20;45;120;S;1;Torn Matí;Anglès;Presencial;0;1001,1002,1003,1009;Manual;0;;0;0;;;;;;;;;;;;;;;;;;;;;;;
104_15844_1501;6;Facultat de Ciències, Tecnologia i Enginyeries;104;Multimèdia. Aplicacions i Videojocs;15844;Programació de Videojocs en 3D ;3;Normal;6;Obligatòria;NO ESTÀNDARD;Laboratori / Taller;1501; ;0;20;20;20;120;S;1;Torn Matí;Anglès;Presencial;0;1001,1002,1003,1009;Manual;0;;0;0;;;;;;;;;;;;;;;;;;;;;;;
104_15845_15;6;Facultat de Ciències, Tecnologia i Enginyeries;104;Multimèdia. Aplicacions i Videojocs;15845;Producció de Videojocs;3;Normal;6;Obligatòria;NO ESTÀNDARD;Grup Classe en anglès;15; ;15;45;20;45;120;S;2;Torn Matí;Anglès;Presencial;0;1001,1002,1003,1009;Manual;0;;0;0;;;;;;;;;;;;;;;;;;;;;;;
104_15845_1501;6;Facultat de Ciències, Tecnologia i Enginyeries;104;Multimèdia. Aplicacions i Videojocs;15845;Producció de Videojocs;3;Normal;6;Obligatòria;NO ESTÀNDARD;Laboratori / Taller;1501; ;0;20;20;20;120;S;2;Torn Matí;Anglès;Presencial;0;;Manual;0;;0;0;;;;;;;;;;;;;;;;;;;;;;;
104_15846_15;6;Facultat de Ciències, Tecnologia i Enginyeries;104;Multimèdia. Aplicacions i Videojocs;15846;Entorns Interactius;3;Normal;6;Obligatòria;NO ESTÀNDARD;Grup Classe;15;No informat;19;45;18;45;80;S;1;Torn Matí;Català;Presencial;0;;Manual;0;;0;0;;;;;;;;;;;;;;;;;;;;;;;
104_15846_1501;6;Facultat de Ciències, Tecnologia i Enginyeries;104;Multimèdia. Aplicacions i Videojocs;15846;Entorns Interactius;3;Normal;6;Obligatòria;NO ESTÀNDARD;Laboratori / Taller;1501;No informat;0;20;18;20;160;S;1;Torn Matí;Català;Presencial;0;;Manual;0;;0;0;;;;;;;;;;;;;;;;;;;;;;;
104_15847_15;6;Facultat de Ciències, Tecnologia i Enginyeries;104;Multimèdia. Aplicacions i Videojocs;15847;Narrativa Audiovisual Interactiva;1;Normal;6;Formació bàsica;NO ESTÀNDARD;Grup Classe;15; ;12;45;20;45;200;S;1;Torn Matí;Català;Presencial;0;;Manual;0;;0;0;;;;;;;;;;;;;;;;;;;;;;;
104_15847_1501;6;Facultat de Ciències, Tecnologia i Enginyeries;104;Multimèdia. Aplicacions i Videojocs;15847;Narrativa Audiovisual Interactiva;1;Normal;6;Formació bàsica;NO ESTÀNDARD;Laboratori / Taller;1501; ;0;24;20;24;40;S;1;Torn Matí;Català;Presencial;0;;Manual;0;;0;0;;;;;;;;;;;;;;;;;;;;;;;
104_15848_15;6;Facultat de Ciències, Tecnologia i Enginyeries;104;Multimèdia. Aplicacions i Videojocs;15848;Composició i Disseny;1;Normal;6;Formació bàsica;NO ESTÀNDARD;Grup Classe;15; ;9;45;20;45;160;S;1;Torn Matí;Català;Presencial;0;;Manual;0;;0;0;;;;;;;;;;;;;;;;;;;;;;;
104_15848_1501;6;Facultat de Ciències, Tecnologia i Enginyeries;104;Multimèdia. Aplicacions i Videojocs;15848;Composició i Disseny;1;Normal;6;Formació bàsica;NO ESTÀNDARD;Laboratori / Taller;1501; ;0;20;20;20;80;S;1;Torn Matí;Català;Presencial;0;;Manual;0;;0;0;;;;;;;;;;;;;;;;;;;;;;;
104_15849_15;6;Facultat de Ciències, Tecnologia i Enginyeries;104;Multimèdia. Aplicacions i Videojocs;15849;Fonaments d'Animació;1;Normal;3;Obligatòria;NO ESTÀNDARD;Grup Classe;15;No informat;8;45;20;45;80;S;2;Torn Matí;Català;Presencial;0;;Manual;0;;0;0;;;;;;;;;;;;;;;;;;;;;;;
104_15849_1501;6;Facultat de Ciències, Tecnologia i Enginyeries;104;Multimèdia. Aplicacions i Videojocs;15849;Fonaments d'Animació;1;Normal;3;Obligatòria;NO ESTÀNDARD;Laboratori / Taller;1501;No informat;0;20;20;20;40;S;2;Torn Matí;Català;Presencial;0;;Manual;0;;0;0;;;;;;;;;;;;;;;;;;;;;;;
104_15850_15;6;Facultat de Ciències, Tecnologia i Enginyeries;104;Multimèdia. Aplicacions i Videojocs;15850;Producció Audiovisual;1;Normal;6;Obligatòria;NO ESTÀNDARD;Grup Classe;15; ;9;45;20;45;180;S;2;Torn Matí;Català;Presencial;0;;Manual;0;;0;0;;;;;;;;;;;;;;;;;;;;;;;
104_15850_1501;6;Facultat de Ciències, Tecnologia i Enginyeries;104;Multimèdia. Aplicacions i Videojocs;15850;Producció Audiovisual;1;Normal;6;Obligatòria;NO ESTÀNDARD;Laboratori / Taller;1501; ;0;24;20;24;60;S;2;Torn Matí;Català;Presencial;0;;Manual;0;;0;0;;;;;;;;;;;;;;;;;;;;;;;
104_15851_15;6;Facultat de Ciències, Tecnologia i Enginyeries;104;Multimèdia. Aplicacions i Videojocs;15851;Modelització en 3D;2;Normal;6;Formació bàsica;NO ESTÀNDARD;Grup Classe;15; ;13;45;15;45;120;S;1;Torn Matí;Català;Presencial;0;;Manual;0;;0;0;;;;;;;;;;;;;;;;;;;;;;;
104_15851_1501;6;Facultat de Ciències, Tecnologia i Enginyeries;104;Multimèdia. Aplicacions i Videojocs;15851;Modelització en 3D;2;Normal;6;Formació bàsica;NO ESTÀNDARD;Laboratori / Taller;1501; ;0;20;15;20;120;S;1;Torn Matí;Català;Presencial;0;;Manual;0;;0;0;;;;;;;;;;;;;;;;;;;;;;;
104_15852_15;6;Facultat de Ciències, Tecnologia i Enginyeries;104;Multimèdia. Aplicacions i Videojocs;15852;Animació Digital;2;Normal;3;Obligatòria;NO ESTÀNDARD;Grup Classe;15;No informat;16;45;15;45;80;S;2;Torn Matí;Català;Presencial;0;;Manual;0;;0;0;;;;;;;;;;;;;;;;;;;;;;;
104_15852_1501;6;Facultat de Ciències, Tecnologia i Enginyeries;104;Multimèdia. Aplicacions i Videojocs;15852;Animació Digital;2;Normal;3;Obligatòria;NO ESTÀNDARD;Laboratori / Taller;1501;No informat;0;20;15;20;40;S;2;Torn Matí;Català;Presencial;0;;Manual;0;;0;0;;;;;;;;;;;;;;;;;;;;;;;
104_15853_15;6;Facultat de Ciències, Tecnologia i Enginyeries;104;Multimèdia. Aplicacions i Videojocs;15853;Àudio i Efectes Sonors;3;Normal;6;Obligatòria;NO ESTÀNDARD;Grup Classe;15; ;16;45;20;45;160;S;1;Torn Matí;Català;Presencial;0;;Manual;0;;0;0;;;;;;;;;;;;;;;;;;;;;;;
104_15853_1501;6;Facultat de Ciències, Tecnologia i Enginyeries;104;Multimèdia. Aplicacions i Videojocs;15853;Àudio i Efectes Sonors;3;Normal;6;Obligatòria;NO ESTÀNDARD;Laboratori / Taller;1501; ;0;24;20;24;80;S;1;Torn Matí;Català;Presencial;0;;Manual;0;;0;0;;;;;;;;;;;;;;;;;;;;;;;
104_15854_15;6;Facultat de Ciències, Tecnologia i Enginyeries;104;Multimèdia. Aplicacions i Videojocs;15854;Disseny d'Interfícies ;1;Normal;3;Obligatòria;NO ESTÀNDARD;Grup Classe en anglès;15; ;11;45;20;45;80;S;2;Torn Matí;Anglès;Presencial;0;1001,1002,1003,1009;Manual;0;;0;0;;;;;;;;;;;;;;;;;;;;;;;
104_15854_1501;6;Facultat de Ciències, Tecnologia i Enginyeries;104;Multimèdia. Aplicacions i Videojocs;15854;Disseny d'Interfícies ;1;Normal;3;Obligatòria;NO ESTÀNDARD;Laboratori / Taller;1501; ;0;24;20;24;40;S;2;Torn Matí;Anglès;Presencial;0;;Manual;0;;0;0;;;;;;;;;;;;;;;;;;;;;;;
104_15856_15;6;Facultat de Ciències, Tecnologia i Enginyeries;104;Multimèdia. Aplicacions i Videojocs;15856;Emprenedoria i Innovació;4;Normal;6;Obligatòria;ESTÀNDARD;Grup Classe;15; ;13;45;40;45;240;S;1;Torn Matí;Català;Presencial;0;;Manual;0;;1;5;25_16286_15;;;;;;;;;;;;;;;;;;;;;;
104_15857_15;6;Facultat de Ciències, Tecnologia i Enginyeries;104;Multimèdia. Aplicacions i Videojocs;15857;Màrqueting Digital;4;Normal;6;Obligatòria;ESTÀNDARD;Grup Classe;15;Metacurs amb Multimedia;13;45;25;45;240;S;1;Torn Matí;Català;Presencial;0;;Manual;0;;0;0;;;;;;;;;;;;;;;;;;;;;;;
104_15858_15;6;Facultat de Ciències, Tecnologia i Enginyeries;104;Multimèdia. Aplicacions i Videojocs;15858;Comunicació Digital i Posicionament;3;Normal;6;Obligatòria;ESTÀNDARD;Grup Classe;15; ;18;45;20;45;240;S;2;Torn Matí;Català;Presencial;0;;Manual;0;;0;0;;;;;;;;;;;;;;;;;;;;;;;
104_15859_15;6;Facultat de Ciències, Tecnologia i Enginyeries;104;Multimèdia. Aplicacions i Videojocs;15859;Projectes Integrats I;1;Normal;6;Obligatòria;NO ESTÀNDARD;Grup Classe;15; ;8;45;20;45;60;S;2;Torn Matí;Català;Presencial;0;;Manual;0;;0;0;;;;;;;;;;;;;;;;;;;;;;;
104_15859_1501;6;Facultat de Ciències, Tecnologia i Enginyeries;104;Multimèdia. Aplicacions i Videojocs;15859;Projectes Integrats I;1;Normal;6;Obligatòria;NO ESTÀNDARD;Aprenentatge Basat en Casos Clínics / Projectes;1501; ;0;12;20;12;180;S;2;Torn Matí;Català;Presencial;0;;Manual;0;;0;0;;;;;;;;;;;;;;;;;;;;;;;
104_15859_1502;6;Facultat de Ciències, Tecnologia i Enginyeries;104;Multimèdia. Aplicacions i Videojocs;15859;Projectes Integrats I;1;Normal;6;Obligatòria;NO ESTÀNDARD;Aprenentatge Basat en Casos Clínics / Projectes;1502; ;0;12;20;12;180;S;2;Torn Matí;Català;Presencial;0;;Manual;0;;0;0;;;;;;;;;;;;;;;;;;;;;;;
104_15860_15;6;Facultat de Ciències, Tecnologia i Enginyeries;104;Multimèdia. Aplicacions i Videojocs;15860;Projectes Integrats II;2;Normal;6;Obligatòria;NO ESTÀNDARD;Grup Classe;15; ;16;45;15;45;0;S;2;Torn Matí;Català;Presencial;0;;Manual;0;;0;0;;;;;;;;;;;;;;;;;;;;;;;
104_15860_1501;6;Facultat de Ciències, Tecnologia i Enginyeries;104;Multimèdia. Aplicacions i Videojocs;15860;Projectes Integrats II;2;Normal;6;Obligatòria;NO ESTÀNDARD;Aprenentatge Basat en Casos Clínics / Projectes;1501; ;0;12;15;12;240;S;2;Torn Matí;Català;Presencial;0;;Manual;0;;0;0;;;;;;;;;;;;;;;;;;;;;;;
104_15860_1502;6;Facultat de Ciències, Tecnologia i Enginyeries;104;Multimèdia. Aplicacions i Videojocs;15860;Projectes Integrats II;2;Normal;6;Obligatòria;NO ESTÀNDARD;Aprenentatge Basat en Casos Clínics / Projectes;1502; ;0;12;15;12;240;S;2;Torn Matí;Català;Presencial;0;;Manual;0;;0;0;;;;;;;;;;;;;;;;;;;;;;;
104_15861_15;6;Facultat de Ciències, Tecnologia i Enginyeries;104;Multimèdia. Aplicacions i Videojocs;15861;Projectes Integrats III;3;Normal;6;Obligatòria;NO ESTÀNDARD;Grup Classe;15; ;17;45;20;45;0;S;2;Torn Matí;Català;Presencial;1;;Manual;0;;0;0;;;;;;;;;;;;;;;;;;;;;;;
104_15861_1501;6;Facultat de Ciències, Tecnologia i Enginyeries;104;Multimèdia. Aplicacions i Videojocs;15861;Projectes Integrats III;3;Normal;6;Obligatòria;NO ESTÀNDARD;Aprenentatge Basat en Casos Clínics / Projectes;1501; ;0;12;20;12;240;S;2;Torn Matí;Català;Presencial;0;;Manual;0;;0;0;;;;;;;;;;;;;;;;;;;;;;;
104_15861_1502;6;Facultat de Ciències, Tecnologia i Enginyeries;104;Multimèdia. Aplicacions i Videojocs;15861;Projectes Integrats III;3;Normal;6;Obligatòria;NO ESTÀNDARD;Aprenentatge Basat en Casos Clínics / Projectes;1502; ;0;12;20;12;240;S;2;Torn Matí;Català;Presencial;0;;Manual;0;;0;0;;;;;;;;;;;;;;;;;;;;;;;
104_15862_11;6;Facultat de Ciències, Tecnologia i Enginyeries;104;Multimèdia. Aplicacions i Videojocs;15862;Pràctiques en Empresa;4;Pràctiques Curriculars;6;Pràctiques externes;PRACT. Externes/Extracurrriculars;Grup Classe;11;No informat;7;25;30;25;0;S;1;Torn Mixt;Català;Presencial;0;;Manual;0;;0;0;;;;;;;;;;;;;;;;;;;;;;;
104_15862_12;6;Facultat de Ciències, Tecnologia i Enginyeries;104;Multimèdia. Aplicacions i Videojocs;15862;Pràctiques en Empresa;4;Pràctiques Curriculars;6;Pràctiques externes;PRACT. Externes/Extracurrriculars;Grup Classe;12;No informat;1;25;30;25;0;S;2;Torn Mixt;Català;Presencial;0;;Manual;0;;0;0;;;;;;;;;;;;;;;;;;;;;;;
104_15862_32;6;Facultat de Ciències, Tecnologia i Enginyeries;104;Multimèdia. Aplicacions i Videojocs;15862;Pràctiques en Empresa;4;Pràctiques Curriculars;6;Pràctiques externes;PRACT. Externes/Extracurrriculars;Grup Classe;32;No informat;0;25;30;25;0;S;2;Torn Mixt;Català;Presencial;0;;Manual;0;;0;0;;;;;;;;;;;;;;;;;;;;;;;
104_15862_1101;6;Facultat de Ciències, Tecnologia i Enginyeries;104;Multimèdia. Aplicacions i Videojocs;15862;Pràctiques en Empresa;4;Pràctiques Curriculars;6;Pràctiques externes;PRACT. Externes/Extracurrriculars;Tutoritzacions de pràctiques externes o de TFG/TFM;1101;No informat;0;0;30;0;500;S;1;Torn Mixt;Català;Presencial;0;;Manual;0;;0;0;;;;;;;;;;;;;;;;;;;;;;;
104_15862_1101;6;Facultat de Ciències, Tecnologia i Enginyeries;104;Multimèdia. Aplicacions i Videojocs;15862;Pràctiques en Empresa;4;Pràctiques Curriculars;6;Pràctiques externes;PRACT. Externes/Extracurrriculars;Tutoritzacions Fora Dedicació;1101;No informat;0;0;30;0;500;S;1;Torn Mixt;Català; ;0;;Manual;0;;0;0;;;;;;;;;;;;;;;;;;;;;;;
104_15862_1101;6;Facultat de Ciències, Tecnologia i Enginyeries;104;Multimèdia. Aplicacions i Videojocs;15862;Pràctiques en Empresa;4;Pràctiques Curriculars;6;Pràctiques externes;PRACT. Externes/Extracurrriculars;Tutories Altra Activitat Acadèmica;1101;No informat;0;0;30;0;500;S;2;Torn Mixt;Català; ;0;;Manual;0;;0;0;;;;;;;;;;;;;;;;;;;;;;;
104_15864_15;6;Facultat de Ciències, Tecnologia i Enginyeries;104;Multimèdia. Aplicacions i Videojocs;15864;Seguretat Digital;4;Normal;3;Optativa;NO ESTÀNDARD;Grup Classe;15; ;0;0;15;0;60;S;2;Torn Matí;Català;Presencial;0;;Manual;0;;0;0;;;;;;;;;;;;;;;;;;;;;;;
104_15864_1501;6;Facultat de Ciències, Tecnologia i Enginyeries;104;Multimèdia. Aplicacions i Videojocs;15864;Seguretat Digital;4;Normal;3;Optativa;NO ESTÀNDARD;Laboratori / Taller;1501; ;0;20;15;20;60;S;2;Torn Matí;Català;Presencial;0;;Manual;0;;0;0;;;;;;;;;;;;;;;;;;;;;;;
104_15865_15;6;Facultat de Ciències, Tecnologia i Enginyeries;104;Multimèdia. Aplicacions i Videojocs;15865;Sistemes d'Informació per a IoT;4;Normal;6;Optativa;NO ESTÀNDARD;Grup Classe;15; ;1;15;10;15;0;S;1;Torn Tarda;Català;Presencial;0;;Manual;0;25_13190_15;0;0;;;;;;;;;;;;;;;;;;;;;;;
104_15872_15;6;Facultat de Ciències, Tecnologia i Enginyeries;104;Multimèdia. Aplicacions i Videojocs;15872;Art Digital i Nous Mitjans;4;Normal;3;Optativa;NO ESTÀNDARD;Grup Classe;15; ;9;25;20;25;80;S;1;Torn Matí;Català;Presencial;0;;Manual;0;;0;0;;;;;;;;;;;;;;;;;;;;;;;
104_15872_1501;6;Facultat de Ciències, Tecnologia i Enginyeries;104;Multimèdia. Aplicacions i Videojocs;15872;Art Digital i Nous Mitjans;4;Normal;3;Optativa;NO ESTÀNDARD;Laboratori / Taller;1501; ;0;24;20;24;40;S;1;Torn Matí;Català;Presencial;0;;Manual;0;;0;0;;;;;;;;;;;;;;;;;;;;;;;
104_15877_15;6;Facultat de Ciències, Tecnologia i Enginyeries;104;Multimèdia. Aplicacions i Videojocs;15877;Treball de Fi de Grau;4;Treball fi de grau;12;Treball de fi de grau;TFG/TFM;Grup Classe;15;1 grup de 10 i 1 de 5;4;20;30;20;0;S;1;Torn Matí;Català;Presencial;0;;Manual;0;;0;0;;;;;;;;;;;;;;;;;;;;;;;
104_15877_16;6;Facultat de Ciències, Tecnologia i Enginyeries;104;Multimèdia. Aplicacions i Videojocs;15877;Treball de Fi de Grau;4;Treball fi de grau;12;Treball de fi de grau;TFG/TFM;Grup Classe;16;1 grup de 10 i 1 de 5;2;30;30;30;0;S;2;Torn Matí;Català;Presencial;0;;Manual;0;;0;0;;;;;;;;;;;;;;;;;;;;;;;
104_15877_1501;6;Facultat de Ciències, Tecnologia i Enginyeries;104;Multimèdia. Aplicacions i Videojocs;15877;Treball de Fi de Grau;4;Treball fi de grau;12;Treball de fi de grau;TFG/TFM;Tutoritzacions Fora Dedicació;1501;1 grup de 10 i 1 de 5;0;0;30;0;450;S;1;Torn Matí;Català; ;0;;Manual;0;;0;0;;;;;;;;;;;;;;;;;;;;;;;
104_15877_1501;6;Facultat de Ciències, Tecnologia i Enginyeries;104;Multimèdia. Aplicacions i Videojocs;15877;Treball de Fi de Grau;4;Treball fi de grau;12;Treball de fi de grau;TFG/TFM;Tribunals de TFG i TFM;1501;1 grup de 10 i 1 de 5;0;0;30;0;90;S;1;Torn Matí;Català;Presencial;0;;Manual;0;;0;0;;;;;;;;;;;;;;;;;;;;;;;
104_15877_1501;6;Facultat de Ciències, Tecnologia i Enginyeries;104;Multimèdia. Aplicacions i Videojocs;15877;Treball de Fi de Grau;4;Treball fi de grau;12;Treball de fi de grau;TFG/TFM;Tutoritzacions de pràctiques externes o de TFG/TFM;1501;1 grup de 10 i 1 de 5;0;0;30;0;450;S;1;Torn Matí;Català;Presencial;0;;Manual;0;;0;0;;;;;;;;;;;;;;;;;;;;;;;
104_15877_1501;6;Facultat de Ciències, Tecnologia i Enginyeries;104;Multimèdia. Aplicacions i Videojocs;15877;Treball de Fi de Grau;4;Treball fi de grau;12;Treball de fi de grau;TFG/TFM;Tutories Altra Activitat Acadèmica;1501;1 grup de 10 i 1 de 5;0;0;30;0;450;S;2;Torn Matí;Català; ;0;;Manual;0;;0;0;;;;;;;;;;;;;;;;;;;;;;;
107_16195_51;6;Facultat de Ciències, Tecnologia i Enginyeries;107;Enginyeria de l'Automoció;16195;Matemàtiques I;1;Normal;6;Formació bàsica;NO ESTÀNDARD;Grup Classe;51; ;50;50;50;50;180;S;1;Torn Matí;Català;Presencial;0;;Manual;0;;0;0;;;;;;;;;;;;;;;;;;;;;;;
107_16195_52;6;Facultat de Ciències, Tecnologia i Enginyeries;107;Enginyeria de l'Automoció;16195;Matemàtiques I;1;Normal;6;Formació bàsica;NO ESTÀNDARD;Grup Classe;52; ;27;50;50;50;180;S;1;Torn Matí;Català;Presencial;0;;Manual;0;;0;0;;;;;;;;;;;;;;;;;;;;;;;
107_16195_5101;6;Facultat de Ciències, Tecnologia i Enginyeries;107;Enginyeria de l'Automoció;16195;Matemàtiques I;1;Normal;6;Formació bàsica;NO ESTÀNDARD;Laboratori / Taller;5101; ;0;30;50;30;60;S;1;Torn Matí;Català;Presencial;0;;Manual;0;;0;0;;;;;;;;;;;;;;;;;;;;;;;
107_16195_5102;6;Facultat de Ciències, Tecnologia i Enginyeries;107;Enginyeria de l'Automoció;16195;Matemàtiques I;1;Normal;6;Formació bàsica;NO ESTÀNDARD;Laboratori / Taller;5102; ;0;30;50;30;60;S;1;Torn Matí;Català;Presencial;0;;Manual;0;;0;0;;;;;;;;;;;;;;;;;;;;;;;
107_16195_5201;6;Facultat de Ciències, Tecnologia i Enginyeries;107;Enginyeria de l'Automoció;16195;Matemàtiques I;1;Normal;6;Formació bàsica;NO ESTÀNDARD;Laboratori / Taller;5201; ;0;30;50;30;60;S;1;Torn Matí;Català;Presencial;0;;Manual;0;;0;0;;;;;;;;;;;;;;;;;;;;;;;
107_16196_51;6;Facultat de Ciències, Tecnologia i Enginyeries;107;Enginyeria de l'Automoció;16196;Matemàtiques II;1;Normal;6;Formació bàsica;NO ESTÀNDARD;Grup Classe;51; ;50;50;50;50;180;S;2;Torn Matí;Català;Presencial;0;;Alternància;0;;0;0;;;;;;;;;;;;;;;;;;;;;;;
107_16196_52;6;Facultat de Ciències, Tecnologia i Enginyeries;107;Enginyeria de l'Automoció;16196;Matemàtiques II;1;Normal;6;Formació bàsica;NO ESTÀNDARD;Grup Classe;52; ;39;50;50;50;180;S;2;Torn Matí;Català;Presencial;0;;Alternància;0;;0;0;;;;;;;;;;;;;;;;;;;;;;;
107_16196_5101;6;Facultat de Ciències, Tecnologia i Enginyeries;107;Enginyeria de l'Automoció;16196;Matemàtiques II;1;Normal;6;Formació bàsica;NO ESTÀNDARD;Laboratori / Taller;5101; ;0;30;50;30;60;S;2;Torn Matí;Català;Presencial;0;;Alternància;0;;0;0;;;;;;;;;;;;;;;;;;;;;;;
107_16196_5102;6;Facultat de Ciències, Tecnologia i Enginyeries;107;Enginyeria de l'Automoció;16196;Matemàtiques II;1;Normal;6;Formació bàsica;NO ESTÀNDARD;Laboratori / Taller;5102; ;0;30;50;30;60;S;2;Torn Matí;Català;Presencial;0;;Alternància;0;;0;0;;;;;;;;;;;;;;;;;;;;;;;
107_16196_5201;6;Facultat de Ciències, Tecnologia i Enginyeries;107;Enginyeria de l'Automoció;16196;Matemàtiques II;1;Normal;6;Formació bàsica;NO ESTÀNDARD;Laboratori / Taller;5201; ;0;30;50;30;60;S;2;Torn Matí;Català;Presencial;0;;Alternància;0;;0;0;;;;;;;;;;;;;;;;;;;;;;;
107_16196_5202;6;Facultat de Ciències, Tecnologia i Enginyeries;107;Enginyeria de l'Automoció;16196;Matemàtiques II;1;Normal;6;Formació bàsica;NO ESTÀNDARD;Laboratori / Taller;5202; ;0;30;50;30;60;S;2;Torn Matí;Català;Presencial;0;;Alternància;0;;0;0;;;;;;;;;;;;;;;;;;;;;;;
107_16197_51;6;Facultat de Ciències, Tecnologia i Enginyeries;107;Enginyeria de l'Automoció;16197;Estadística i Mesuraments en Automoció;2;Normal;6;Formació bàsica;ESTÀNDARD;Grup Classe;51; ;37;60;40;60;240;S;1;Torn Matí;Català;Presencial;0;;Manual;0;;0;0;;;;;;;;;;;;;;;;;;;;;;;
107_16198_51;6;Facultat de Ciències, Tecnologia i Enginyeries;107;Enginyeria de l'Automoció;16198;Física I;1;Normal;6;Formació bàsica;NO ESTÀNDARD;Grup Classe;51; ;55;55;50;55;180;S;1;Torn Matí;Català;Presencial;0;;Manual;0;;0;0;;;;;;;;;;;;;;;;;;;;;;;
107_16198_52;6;Facultat de Ciències, Tecnologia i Enginyeries;107;Enginyeria de l'Automoció;16198;Física I;1;Normal;6;Formació bàsica;NO ESTÀNDARD;Grup Classe;52; ;26;55;50;55;180;S;1;Torn Matí;Català;Presencial;0;;Manual;0;;0;0;;;;;;;;;;;;;;;;;;;;;;;
107_16198_5101;6;Facultat de Ciències, Tecnologia i Enginyeries;107;Enginyeria de l'Automoció;16198;Física I;1;Normal;6;Formació bàsica;NO ESTÀNDARD;Laboratori / Taller;5101; ;0;30;50;30;60;S;1;Torn Matí;Català;Presencial;0;;Manual;0;;0;0;;;;;;;;;;;;;;;;;;;;;;;
107_16198_5102;6;Facultat de Ciències, Tecnologia i Enginyeries;107;Enginyeria de l'Automoció;16198;Física I;1;Normal;6;Formació bàsica;NO ESTÀNDARD;Laboratori / Taller;5102; ;0;30;50;30;60;S;1;Torn Matí;Català;Presencial;0;;Manual;0;;0;0;;;;;;;;;;;;;;;;;;;;;;;
107_16198_5201;6;Facultat de Ciències, Tecnologia i Enginyeries;107;Enginyeria de l'Automoció;16198;Física I;1;Normal;6;Formació bàsica;NO ESTÀNDARD;Laboratori / Taller;5201; ;0;30;50;30;60;S;1;Torn Matí;Català;Presencial;0;;Manual;0;;0;0;;;;;;;;;;;;;;;;;;;;;;;
107_16199_51;6;Facultat de Ciències, Tecnologia i Enginyeries;107;Enginyeria de l'Automoció;16199;Física II;1;Normal;6;Formació bàsica;NO ESTÀNDARD;Grup Classe;51; ;48;50;50;50;180;S;2;Torn Matí;Català;Presencial;0;;Alternància;0;;0;0;;;;;;;;;;;;;;;;;;;;;;;
107_16199_52;6;Facultat de Ciències, Tecnologia i Enginyeries;107;Enginyeria de l'Automoció;16199;Física II;1;Normal;6;Formació bàsica;NO ESTÀNDARD;Grup Classe;52; ;38;50;50;50;180;S;2;Torn Matí;Català;Presencial;0;;Alternància;0;;0;0;;;;;;;;;;;;;;;;;;;;;;;
107_16199_5101;6;Facultat de Ciències, Tecnologia i Enginyeries;107;Enginyeria de l'Automoció;16199;Física II;1;Normal;6;Formació bàsica;NO ESTÀNDARD;Laboratori / Taller;5101; ;0;30;50;30;60;S;2;Torn Matí;Català;Presencial;0;;Alternància;0;;0;0;;;;;;;;;;;;;;;;;;;;;;;
107_16199_5102;6;Facultat de Ciències, Tecnologia i Enginyeries;107;Enginyeria de l'Automoció;16199;Física II;1;Normal;6;Formació bàsica;NO ESTÀNDARD;Laboratori / Taller;5102; ;0;30;50;30;60;S;2;Torn Matí;Català;Presencial;0;;Alternància;0;;0;0;;;;;;;;;;;;;;;;;;;;;;;
107_16199_5201;6;Facultat de Ciències, Tecnologia i Enginyeries;107;Enginyeria de l'Automoció;16199;Física II;1;Normal;6;Formació bàsica;NO ESTÀNDARD;Laboratori / Taller;5201; ;0;30;50;30;60;S;2;Torn Matí;Català;Presencial;0;;Alternància;0;;0;0;;;;;;;;;;;;;;;;;;;;;;;
107_16199_5202;6;Facultat de Ciències, Tecnologia i Enginyeries;107;Enginyeria de l'Automoció;16199;Física II;1;Normal;6;Formació bàsica;NO ESTÀNDARD;Laboratori / Taller;5202; ;0;30;50;30;60;S;2;Torn Matí;Català;Presencial;0;;Alternància;0;;0;0;;;;;;;;;;;;;;;;;;;;;;;
107_16200_51;6;Facultat de Ciències, Tecnologia i Enginyeries;107;Enginyeria de l'Automoció;16200;Disseny de Vehicles Assistit per Ordinador;1;Normal;6;Formació bàsica;NO ESTÀNDARD;Grup Classe;51;No informat;53;65;50;65;80;S;1;Torn Matí;Català;Presencial;0;;Manual;0;;0;0;;;;;;;;;;;;;;;;;;;;;;;
107_16200_5101;6;Facultat de Ciències, Tecnologia i Enginyeries;107;Enginyeria de l'Automoció;16200;Disseny de Vehicles Assistit per Ordinador;1;Normal;6;Formació bàsica;NO ESTÀNDARD;Laboratori / Taller;5101;No informat;0;24;50;24;160;S;1;Torn Matí;Català;Presencial;0;;Manual;0;;0;0;;;;;;;;;;;;;;;;;;;;;;;
107_16200_5102;6;Facultat de Ciències, Tecnologia i Enginyeries;107;Enginyeria de l'Automoció;16200;Disseny de Vehicles Assistit per Ordinador;1;Normal;6;Formació bàsica;NO ESTÀNDARD;Laboratori / Taller;5102;No informat;0;24;50;24;160;S;1;Torn Matí;Català;Presencial;0;;Manual;0;;0;0;;;;;;;;;;;;;;;;;;;;;;;
107_16201_51;6;Facultat de Ciències, Tecnologia i Enginyeries;107;Enginyeria de l'Automoció;16201;Química;1;Normal;6;Formació bàsica;NO ESTÀNDARD;Grup Classe;51; ;59;65;50;65;180;S;2;Torn Matí;Català;Presencial;0;;Manual;0;;0;0;;;;;;;;;;;;;;;;;;;;;;;
107_16201_5101;6;Facultat de Ciències, Tecnologia i Enginyeries;107;Enginyeria de l'Automoció;16201;Química;1;Normal;6;Formació bàsica;NO ESTÀNDARD;Laboratori / Taller;5101; ;0;30;50;30;60;S;2;Torn Matí;Català;Presencial;0;;Manual;0;;0;0;;;;;;;;;;;;;;;;;;;;;;;
107_16201_5102;6;Facultat de Ciències, Tecnologia i Enginyeries;107;Enginyeria de l'Automoció;16201;Química;1;Normal;6;Formació bàsica;NO ESTÀNDARD;Laboratori / Taller;5102; ;0;30;50;30;60;S;2;Torn Matí;Català;Presencial;0;;Manual;0;;0;0;;;;;;;;;;;;;;;;;;;;;;;
107_16202_51;6;Facultat de Ciències, Tecnologia i Enginyeries;107;Enginyeria de l'Automoció;16202;Fonaments d'Informàtica;1;Normal;6;Formació bàsica;NO ESTÀNDARD;Grup Classe;51; ;61;75;50;75;160;S;1;Torn Matí;Català;Presencial;0;;Manual;0;;0;0;;;;;;;;;;;;;;;;;;;;;;;
107_16202_5101;6;Facultat de Ciències, Tecnologia i Enginyeries;107;Enginyeria de l'Automoció;16202;Fonaments d'Informàtica;1;Normal;6;Formació bàsica;NO ESTÀNDARD;Laboratori / Taller;5101; ;0;24;50;24;80;S;1;Torn Matí;Català;Presencial;0;;Manual;0;;0;0;;;;;;;;;;;;;;;;;;;;;;;
107_16202_5102;6;Facultat de Ciències, Tecnologia i Enginyeries;107;Enginyeria de l'Automoció;16202;Fonaments d'Informàtica;1;Normal;6;Formació bàsica;NO ESTÀNDARD;Laboratori / Taller;5102; ;0;24;50;24;80;S;1;Torn Matí;Català;Presencial;0;;Manual;0;;0;0;;;;;;;;;;;;;;;;;;;;;;;
107_16202_5103;6;Facultat de Ciències, Tecnologia i Enginyeries;107;Enginyeria de l'Automoció;16202;Fonaments d'Informàtica;1;Normal;6;Formació bàsica;NO ESTÀNDARD;Laboratori / Taller;5103; ;0;24;50;24;80;S;1;Torn Matí;Català;Presencial;0;;Manual;0;;0;0;;;;;;;;;;;;;;;;;;;;;;;
107_16203_51;6;Facultat de Ciències, Tecnologia i Enginyeries;107;Enginyeria de l'Automoció;16203;Gestió de l'Empresa i de la Qualitat;2;Normal;6;Formació bàsica;ESTÀNDARD;Grup Classe en anglès;51; ;46;60;40;60;240;S;1;Torn Matí;Anglès;Presencial;0;1001,1002,1003,1009;Manual;0;;0;0;;;;;;;;;;;;;;;;;;;;;;;
107_16204_51;6;Facultat de Ciències, Tecnologia i Enginyeries;107;Enginyeria de l'Automoció;16204;Indústria de l'Automoció i Regulacions;2;Normal;6;Formació bàsica;ESTÀNDARD;Grup Classe en anglès;51; ;26;60;40;60;240;S;2;Torn Matí;Anglès;Presencial;0;1001,1002,1003,1009;Manual;0;;0;0;;;;;;;;;;;;;;;;;;;;;;;
107_16206_51;6;Facultat de Ciències, Tecnologia i Enginyeries;107;Enginyeria de l'Automoció;16206;Circuits;1;Normal;3;Obligatòria;NO ESTÀNDARD;Grup Classe;51;No informat;5;50;55;50;80;S;2;Torn Matí;Català;Presencial;0;;Manual;0;;0;0;;;;;;;;;;;;;;;;;;;;;;;
107_16206_5101;6;Facultat de Ciències, Tecnologia i Enginyeries;107;Enginyeria de l'Automoció;16206;Circuits;1;Normal;3;Obligatòria;NO ESTÀNDARD;Laboratori / Taller;5101;No informat;0;24;55;24;40;S;2;Torn Matí;Català;Presencial;0;;Manual;0;;0;0;;;;;;;;;;;;;;;;;;;;;;;
107_16206_5102;6;Facultat de Ciències, Tecnologia i Enginyeries;107;Enginyeria de l'Automoció;16206;Circuits;1;Normal;3;Obligatòria;NO ESTÀNDARD;Laboratori / Taller;5102;No informat;0;24;55;24;40;S;2;Torn Matí;Català;Presencial;0;;Manual;0;;0;0;;;;;;;;;;;;;;;;;;;;;;;
107_16206_5103;6;Facultat de Ciències, Tecnologia i Enginyeries;107;Enginyeria de l'Automoció;16206;Circuits;1;Normal;3;Obligatòria;NO ESTÀNDARD;Laboratori / Taller;5103;No informat;0;24;55;24;40;S;2;Torn Matí;Català;Presencial;0;;Manual;0;;0;0;;;;;;;;;;;;;;;;;;;;;;;
107_16207_51;6;Facultat de Ciències, Tecnologia i Enginyeries;107;Enginyeria de l'Automoció;16207;Electrònica de Vehicles I;1;Normal;3;Obligatòria;NO ESTÀNDARD;Grup Classe;51; ;7;50;48;50;80;S;2;Torn Matí;Català;Presencial;0;;Manual;0;;0;0;;;;;;;;;;;;;;;;;;;;;;;
107_16207_52;6;Facultat de Ciències, Tecnologia i Enginyeries;107;Enginyeria de l'Automoció;16207;Electrònica de Vehicles I;1;Normal;3;Obligatòria;NO ESTÀNDARD;Grup Classe;52; ;0;50;48;50;80;S;2;Torn Matí;Català;Presencial;0;;Manual;0;;0;0;;;;;;;;;;;;;;;;;;;;;;;
107_16207_5101;6;Facultat de Ciències, Tecnologia i Enginyeries;107;Enginyeria de l'Automoció;16207;Electrònica de Vehicles I;1;Normal;3;Obligatòria;NO ESTÀNDARD;Laboratori / Taller;5101; ;0;24;48;24;40;S;2;Torn Matí;Català;Presencial;0;;Manual;0;;0;0;;;;;;;;;;;;;;;;;;;;;;;
107_16207_5102;6;Facultat de Ciències, Tecnologia i Enginyeries;107;Enginyeria de l'Automoció;16207;Electrònica de Vehicles I;1;Normal;3;Obligatòria;NO ESTÀNDARD;Laboratori / Taller;5102; ;0;24;48;24;40;S;2;Torn Matí;Català;Presencial;0;;Manual;0;;0;0;;;;;;;;;;;;;;;;;;;;;;;
107_16207_5201;6;Facultat de Ciències, Tecnologia i Enginyeries;107;Enginyeria de l'Automoció;16207;Electrònica de Vehicles I;1;Normal;3;Obligatòria;NO ESTÀNDARD;Laboratori / Taller;5201; ;0;24;48;24;40;S;2;Torn Matí;Català;Presencial;0;;Manual;0;;0;0;;;;;;;;;;;;;;;;;;;;;;;
107_16207_5202;6;Facultat de Ciències, Tecnologia i Enginyeries;107;Enginyeria de l'Automoció;16207;Electrònica de Vehicles I;1;Normal;3;Obligatòria;NO ESTÀNDARD;Laboratori / Taller;5202; ;0;24;48;24;40;S;2;Torn Matí;Català;Presencial;0;;Manual;0;;0;0;;;;;;;;;;;;;;;;;;;;;;;
107_16208_51;6;Facultat de Ciències, Tecnologia i Enginyeries;107;Enginyeria de l'Automoció;16208;Electrònica de Vehicles II;2;Normal;3;Obligatòria;NO ESTÀNDARD;Grup Classe;51; ;55;65;40;65;80;S;1;Torn Matí;Català;Presencial;0;;Manual;0;;0;0;;;;;;;;;;;;;;;;;;;;;;;
107_16208_5101;6;Facultat de Ciències, Tecnologia i Enginyeries;107;Enginyeria de l'Automoció;16208;Electrònica de Vehicles II;2;Normal;3;Obligatòria;NO ESTÀNDARD;Laboratori / Taller;5101; ;0;24;40;24;40;S;1;Torn Matí;Català;Presencial;0;;Manual;0;;0;0;;;;;;;;;;;;;;;;;;;;;;;
107_16208_5102;6;Facultat de Ciències, Tecnologia i Enginyeries;107;Enginyeria de l'Automoció;16208;Electrònica de Vehicles II;2;Normal;3;Obligatòria;NO ESTÀNDARD;Laboratori / Taller;5102; ;0;24;40;24;40;S;1;Torn Matí;Català;Presencial;0;;Manual;0;;0;0;;;;;;;;;;;;;;;;;;;;;;;
107_16209_40;6;Facultat de Ciències, Tecnologia i Enginyeries;107;Enginyeria de l'Automoció;16209;Instrumentació Electrònica de Vehicles;2;Normal;6;Obligatòria;NO ESTÀNDARD;Grup Classe;40;No informat;0;5;40;5;160;S;2;Torn Matí;Català;Presencial;0;;Manual;0;107_16209_51;0;0;;;;;;;;;;;;;;;;;;;;;;;
107_16209_51;6;Facultat de Ciències, Tecnologia i Enginyeries;107;Enginyeria de l'Automoció;16209;Instrumentació Electrònica de Vehicles;2;Normal;6;Obligatòria;NO ESTÀNDARD;Grup Classe;51;No informat;64;70;40;70;160;S;2;Torn Matí;Català;Presencial;0;;Manual;0;;1;0;107_16209_40;;;;;;;;;;;;;;;;;;;;;;
107_16209_5101;6;Facultat de Ciències, Tecnologia i Enginyeries;107;Enginyeria de l'Automoció;16209;Instrumentació Electrònica de Vehicles;2;Normal;6;Obligatòria;NO ESTÀNDARD;Laboratori / Taller;5101;No informat;0;20;40;20;80;S;2;Torn Matí;Català;Presencial;0;;Manual;0;;0;0;;;;;;;;;;;;;;;;;;;;;;;
107_16209_5102;6;Facultat de Ciències, Tecnologia i Enginyeries;107;Enginyeria de l'Automoció;16209;Instrumentació Electrònica de Vehicles;2;Normal;6;Obligatòria;NO ESTÀNDARD;Laboratori / Taller;5102;No informat;0;20;40;20;80;S;2;Torn Matí;Català;Presencial;0;;Manual;0;;0;0;;;;;;;;;;;;;;;;;;;;;;;
107_16209_5103;6;Facultat de Ciències, Tecnologia i Enginyeries;107;Enginyeria de l'Automoció;16209;Instrumentació Electrònica de Vehicles;2;Normal;6;Obligatòria;NO ESTÀNDARD;Laboratori / Taller;5103;No informat;0;20;40;20;80;S;2;Torn Matí;Català;Presencial;0;;Manual;0;;0;0;;;;;;;;;;;;;;;;;;;;;;;
107_16210_51;6;Facultat de Ciències, Tecnologia i Enginyeries;107;Enginyeria de l'Automoció;16210;Sistemes Encastats per a Vehicles ;3;Normal;3;Obligatòria;ESTÀNDARD;Grup Classe en anglès;51; ;31;50;35;50;120;S;2;Torn Matí;Anglès;Presencial;0;1001,1002,1003,1009;Manual;0;;0;0;;;;;;;;;;;;;;;;;;;;;;;
107_16211_40;6;Facultat de Ciències, Tecnologia i Enginyeries;107;Enginyeria de l'Automoció;16211;Vehicles Elèctrics;3;Normal;6;Obligatòria;NO ESTÀNDARD;Grup Classe;40;Coordinació ABP;0;50;40;50;180;S;1;Torn Matí;Català;Presencial;0;;Manual;0;107_16211_51;0;0;;;;;;;;;;;;;;;;;;;;;;;
107_16211_51;6;Facultat de Ciències, Tecnologia i Enginyeries;107;Enginyeria de l'Automoció;16211;Vehicles Elèctrics;3;Normal;6;Obligatòria;NO ESTÀNDARD;Grup Classe;51;Coordinació ABP;41;50;40;50;180;S;1;Torn Matí;Català;Presencial;0;;Manual;0;;1;0;107_16211_40;;;;;;;;;;;;;;;;;;;;;;
107_16211_5101;6;Facultat de Ciències, Tecnologia i Enginyeries;107;Enginyeria de l'Automoció;16211;Vehicles Elèctrics;3;Normal;6;Obligatòria;NO ESTÀNDARD;Laboratori / Taller;5101;Coordinació ABP;0;20;40;20;60;S;1;Torn Matí;Català;Presencial;0;;Manual;0;;0;0;;;;;;;;;;;;;;;;;;;;;;;
107_16211_5102;6;Facultat de Ciències, Tecnologia i Enginyeries;107;Enginyeria de l'Automoció;16211;Vehicles Elèctrics;3;Normal;6;Obligatòria;NO ESTÀNDARD;Laboratori / Taller;5102;Coordinació ABP;0;20;40;20;60;S;1;Torn Matí;Català;Presencial;0;;Manual;0;;0;0;;;;;;;;;;;;;;;;;;;;;;;
107_16212_51;6;Facultat de Ciències, Tecnologia i Enginyeries;107;Enginyeria de l'Automoció;16212;Equipament per a l'Automoció I ;4;Normal;3;Obligatòria;NO ESTÀNDARD;Grup Classe en anglès;51; ;27;50;30;50;60;S;2;Torn Matí;Anglès;Presencial;0;1001,1002,1003,1009;Manual;0;;0;0;;;;;;;;;;;;;;;;;;;;;;;
107_16212_5101;6;Facultat de Ciències, Tecnologia i Enginyeries;107;Enginyeria de l'Automoció;16212;Equipament per a l'Automoció I ;4;Normal;3;Obligatòria;NO ESTÀNDARD;Laboratori / Taller;5101; ;0;30;30;30;60;S;2;Torn Matí;Anglès;Presencial;0;;Manual;0;;0;0;;;;;;;;;;;;;;;;;;;;;;;
107_16212_5102;6;Facultat de Ciències, Tecnologia i Enginyeries;107;Enginyeria de l'Automoció;16212;Equipament per a l'Automoció I ;4;Normal;3;Obligatòria;NO ESTÀNDARD;Laboratori / Taller;5102; ;0;30;30;30;60;S;2;Torn Matí;Anglès;Presencial;0;;Manual;0;;0;0;;;;;;;;;;;;;;;;;;;;;;;
107_16213_51;6;Facultat de Ciències, Tecnologia i Enginyeries;107;Enginyeria de l'Automoció;16213;Connectivitat de Vehicles;3;Normal;3;Obligatòria;ESTÀNDARD;Grup Classe en anglès;51; ;30;50;35;50;120;S;2;Torn Matí;Anglès;Presencial;0;1001,1002,1003,1009;Manual;0;;0;0;;;;;;;;;;;;;;;;;;;;;;;
107_16214_40;6;Facultat de Ciències, Tecnologia i Enginyeries;107;Enginyeria de l'Automoció;16214;Conducció Autònoma I ;4;Normal;3;Obligatòria;NO ESTÀNDARD;Grup Classe en anglès;40; ;0;5;30;5;60;S;2;Torn Matí;Anglès;Presencial;0;;Manual;0;107_16214_51;0;0;;;;;;;;;;;;;;;;;;;;;;;
107_16214_51;6;Facultat de Ciències, Tecnologia i Enginyeries;107;Enginyeria de l'Automoció;16214;Conducció Autònoma I ;4;Normal;3;Obligatòria;NO ESTÀNDARD;Grup Classe en anglès;51; ;29;50;30;50;60;S;2;Torn Matí;Anglès;Presencial;0;1001,1002,1003,1009;Manual;0;;1;0;107_16214_40;;;;;;;;;;;;;;;;;;;;;;
107_16214_5101;6;Facultat de Ciències, Tecnologia i Enginyeries;107;Enginyeria de l'Automoció;16214;Conducció Autònoma I ;4;Normal;3;Obligatòria;NO ESTÀNDARD;Laboratori / Taller;5101; ;0;30;30;30;60;S;2;Torn Matí;Anglès;Presencial;0;;Manual;0;;0;0;;;;;;;;;;;;;;;;;;;;;;;
107_16214_5102;6;Facultat de Ciències, Tecnologia i Enginyeries;107;Enginyeria de l'Automoció;16214;Conducció Autònoma I ;4;Normal;3;Obligatòria;NO ESTÀNDARD;Laboratori / Taller;5102; ;0;30;30;30;60;S;2;Torn Matí;Anglès;Presencial;0;;Manual;0;;0;0;;;;;;;;;;;;;;;;;;;;;;;
107_16215_51;6;Facultat de Ciències, Tecnologia i Enginyeries;107;Enginyeria de l'Automoció;16215;Materials Aplicats a l'Automoció;2;Normal;6;Obligatòria;NO ESTÀNDARD;Grup Classe;51;No informat;43;60;50;60;180;S;1;Torn Matí;Català;Presencial;0;;Manual;0;;0;0;;;;;;;;;;;;;;;;;;;;;;;
107_16215_5101;6;Facultat de Ciències, Tecnologia i Enginyeries;107;Enginyeria de l'Automoció;16215;Materials Aplicats a l'Automoció;2;Normal;6;Obligatòria;NO ESTÀNDARD;Laboratori / Taller;5101;No informat;0;15;50;15;60;S;1;Torn Matí;Català;Presencial;0;;Manual;0;;0;0;;;;;;;;;;;;;;;;;;;;;;;
107_16215_5102;6;Facultat de Ciències, Tecnologia i Enginyeries;107;Enginyeria de l'Automoció;16215;Materials Aplicats a l'Automoció;2;Normal;6;Obligatòria;NO ESTÀNDARD;Laboratori / Taller;5102;No informat;0;15;50;15;60;S;1;Torn Matí;Català;Presencial;0;;Manual;0;;0;0;;;;;;;;;;;;;;;;;;;;;;;
107_16215_5103;6;Facultat de Ciències, Tecnologia i Enginyeries;107;Enginyeria de l'Automoció;16215;Materials Aplicats a l'Automoció;2;Normal;6;Obligatòria;NO ESTÀNDARD;Laboratori / Taller;5103;No informat;0;15;50;15;60;S;1;Torn Matí;Català;Presencial;0;;Manual;0;;0;0;;;;;;;;;;;;;;;;;;;;;;;
107_16216_51;6;Facultat de Ciències, Tecnologia i Enginyeries;107;Enginyeria de l'Automoció;16216;Mecànica de Fluids;2;Normal;3;Obligatòria;NO ESTÀNDARD;Grup Classe;51; ;50;60;40;60;80;S;2;Torn Matí;Català;Presencial;0;;Manual;0;;0;0;;;;;;;;;;;;;;;;;;;;;;;
107_16216_5101;6;Facultat de Ciències, Tecnologia i Enginyeries;107;Enginyeria de l'Automoció;16216;Mecànica de Fluids;2;Normal;3;Obligatòria;NO ESTÀNDARD;Laboratori / Taller;5101; ;0;30;40;30;40;S;2;Torn Matí;Català;Presencial;0;;Manual;0;;0;0;;;;;;;;;;;;;;;;;;;;;;;
107_16216_5102;6;Facultat de Ciències, Tecnologia i Enginyeries;107;Enginyeria de l'Automoció;16216;Mecànica de Fluids;2;Normal;3;Obligatòria;NO ESTÀNDARD;Laboratori / Taller;5102; ;0;30;40;30;40;S;2;Torn Matí;Català;Presencial;0;;Manual;0;;0;0;;;;;;;;;;;;;;;;;;;;;;;
107_16217_51;6;Facultat de Ciències, Tecnologia i Enginyeries;107;Enginyeria de l'Automoció;16217;Elasticitat i Resistència de Materials;2;Normal;3;Obligatòria;NO ESTÀNDARD;Grup Classe;51; ;52;60;30;60;80;S;1;Torn Matí;Català;Presencial;0;;Manual;0;;0;0;;;;;;;;;;;;;;;;;;;;;;;
107_16217_5101;6;Facultat de Ciències, Tecnologia i Enginyeries;107;Enginyeria de l'Automoció;16217;Elasticitat i Resistència de Materials;2;Normal;3;Obligatòria;NO ESTÀNDARD;Laboratori / Taller;5101; ;0;24;30;24;40;S;1;Torn Matí;Català;Presencial;0;;Manual;0;;0;0;;;;;;;;;;;;;;;;;;;;;;;
107_16217_5102;6;Facultat de Ciències, Tecnologia i Enginyeries;107;Enginyeria de l'Automoció;16217;Elasticitat i Resistència de Materials;2;Normal;3;Obligatòria;NO ESTÀNDARD;Laboratori / Taller;5102; ;0;24;30;24;40;S;1;Torn Matí;Català;Presencial;0;;Manual;0;;0;0;;;;;;;;;;;;;;;;;;;;;;;
107_16218_51;6;Facultat de Ciències, Tecnologia i Enginyeries;107;Enginyeria de l'Automoció;16218;Sistemes Mecànics de Vehicles;2;Normal;6;Obligatòria;NO ESTÀNDARD;Grup Classe;51; ;59;65;40;65;180;S;1;Torn Matí;Català;Presencial;0;;Manual;0;;0;0;;;;;;;;;;;;;;;;;;;;;;;
107_16218_5101;6;Facultat de Ciències, Tecnologia i Enginyeries;107;Enginyeria de l'Automoció;16218;Sistemes Mecànics de Vehicles;2;Normal;6;Obligatòria;NO ESTÀNDARD;Laboratori / Taller;5101; ;0;24;40;24;60;S;1;Torn Matí;Català;Presencial;0;;Manual;0;;0;0;;;;;;;;;;;;;;;;;;;;;;;
107_16218_5102;6;Facultat de Ciències, Tecnologia i Enginyeries;107;Enginyeria de l'Automoció;16218;Sistemes Mecànics de Vehicles;2;Normal;6;Obligatòria;NO ESTÀNDARD;Laboratori / Taller;5102; ;0;24;40;24;60;S;1;Torn Matí;Català;Presencial;0;;Manual;0;;0;0;;;;;;;;;;;;;;;;;;;;;;;
107_16218_5103;6;Facultat de Ciències, Tecnologia i Enginyeries;107;Enginyeria de l'Automoció;16218;Sistemes Mecànics de Vehicles;2;Normal;6;Obligatòria;NO ESTÀNDARD;Laboratori / Taller;5103; ;0;24;40;24;60;S;1;Torn Matí;Català;Presencial;0;;Manual;0;;0;0;;;;;;;;;;;;;;;;;;;;;;;
107_16219_51;6;Facultat de Ciències, Tecnologia i Enginyeries;107;Enginyeria de l'Automoció;16219;Estructures de Vehicles; ;Normal;6;Obligatòria;NO ESTÀNDARD;Grup Classe;51; ;75;75;40;75;160;S;2;Torn Matí;Català;Presencial;0;;Manual;0;;0;0;;;;;;;;;;;;;;;;;;;;;;;
107_16219_5101;6;Facultat de Ciències, Tecnologia i Enginyeries;107;Enginyeria de l'Automoció;16219;Estructures de Vehicles; ;Normal;6;Obligatòria;NO ESTÀNDARD;Laboratori / Taller;5101; ;0;24;40;24;80;S;2;Torn Matí;Català;Presencial;0;;Manual;0;;0;0;;;;;;;;;;;;;;;;;;;;;;;
107_16219_5102;6;Facultat de Ciències, Tecnologia i Enginyeries;107;Enginyeria de l'Automoció;16219;Estructures de Vehicles; ;Normal;6;Obligatòria;NO ESTÀNDARD;Laboratori / Taller;5102; ;0;24;40;24;80;S;2;Torn Matí;Català;Presencial;0;;Manual;0;;0;0;;;;;;;;;;;;;;;;;;;;;;;
107_16219_5103;6;Facultat de Ciències, Tecnologia i Enginyeries;107;Enginyeria de l'Automoció;16219;Estructures de Vehicles; ;Normal;6;Obligatòria;NO ESTÀNDARD;Laboratori / Taller;5103; ;0;24;40;24;80;S;1;Torn Matí;Català;Presencial;0;;Manual;0;;0;0;;;;;;;;;;;;;;;;;;;;;;;
107_16220_51;6;Facultat de Ciències, Tecnologia i Enginyeries;107;Enginyeria de l'Automoció;16220;Sistemes de Tracció;3;Normal;6;Obligatòria;NO ESTÀNDARD;Grup Classe;51; ;37;50;30;50;160;S;1;Torn Matí;Català;Presencial;0;;Manual;0;;0;0;;;;;;;;;;;;;;;;;;;;;;;
107_16220_5101;6;Facultat de Ciències, Tecnologia i Enginyeries;107;Enginyeria de l'Automoció;16220;Sistemes de Tracció;3;Normal;6;Obligatòria;NO ESTÀNDARD;Laboratori / Taller;5101; ;0;24;30;24;80;S;1;Torn Matí;Català;Presencial;0;;Manual;0;;0;0;;;;;;;;;;;;;;;;;;;;;;;
107_16220_5102;6;Facultat de Ciències, Tecnologia i Enginyeries;107;Enginyeria de l'Automoció;16220;Sistemes de Tracció;3;Normal;6;Obligatòria;NO ESTÀNDARD;Laboratori / Taller;5102; ;0;24;30;24;80;S;1;Torn Matí;Català;Presencial;0;;Manual;0;;0;0;;;;;;;;;;;;;;;;;;;;;;;
107_16221_51;6;Facultat de Ciències, Tecnologia i Enginyeries;107;Enginyeria de l'Automoció;16221;Motors;2;Normal;3;Obligatòria;NO ESTÀNDARD;Grup Classe;51; ;36;60;30;60;80;S;2;Torn Matí;Català;Presencial;0;;Manual;0;;0;0;;;;;;;;;;;;;;;;;;;;;;;
107_16221_5101;6;Facultat de Ciències, Tecnologia i Enginyeries;107;Enginyeria de l'Automoció;16221;Motors;2;Normal;3;Obligatòria;NO ESTÀNDARD;Laboratori / Taller;5101; ;0;15;30;15;40;S;2;Torn Matí;Català;Presencial;0;;Manual;0;;0;0;;;;;;;;;;;;;;;;;;;;;;;
107_16221_5102;6;Facultat de Ciències, Tecnologia i Enginyeries;107;Enginyeria de l'Automoció;16221;Motors;2;Normal;3;Obligatòria;NO ESTÀNDARD;Laboratori / Taller;5102; ;0;15;30;15;40;S;2;Torn Matí;Català;Presencial;0;;Manual;0;;0;0;;;;;;;;;;;;;;;;;;;;;;;
107_16221_5103;6;Facultat de Ciències, Tecnologia i Enginyeries;107;Enginyeria de l'Automoció;16221;Motors;2;Normal;3;Obligatòria;NO ESTÀNDARD;Laboratori / Taller;5103; ;0;15;30;15;40;S;2;Torn Matí;Català;Presencial;0;;Manual;0;;0;0;;;;;;;;;;;;;;;;;;;;;;;
107_16222_51;6;Facultat de Ciències, Tecnologia i Enginyeries;107;Enginyeria de l'Automoció;16222;Introducció a l'Arquitectura i Fabricació de Vehicles;1;Normal;6;Obligatòria;ESTÀNDARD;Grup Classe;51; ;44;65;40;65;240;S;1;Torn Matí;Català;Presencial;0;;Manual;0;;0;0;;;;;;;;;;;;;;;;;;;;;;;
107_16223_51;6;Facultat de Ciències, Tecnologia i Enginyeries;107;Enginyeria de l'Automoció;16223;Enginyeria de Processos de Fabricació;2;Normal;6;Obligatòria;NO ESTÀNDARD;Grup Classe;51; ;34;60;30;60;200;S;2;Torn Matí;Català;Presencial;0;;Manual;0;;0;0;;;;;;;;;;;;;;;;;;;;;;;
107_16223_5101;6;Facultat de Ciències, Tecnologia i Enginyeries;107;Enginyeria de l'Automoció;16223;Enginyeria de Processos de Fabricació;2;Normal;6;Obligatòria;NO ESTÀNDARD;Laboratori / Taller;5101; ;0;20;30;20;40;S;2;Torn Matí;Català;Presencial;0;;Manual;0;;0;0;;;;;;;;;;;;;;;;;;;;;;;
107_16223_5102;6;Facultat de Ciències, Tecnologia i Enginyeries;107;Enginyeria de l'Automoció;16223;Enginyeria de Processos de Fabricació;2;Normal;6;Obligatòria;NO ESTÀNDARD;Laboratori / Taller;5102; ;0;20;30;20;40;S;2;Torn Matí;Català;Presencial;0;;Manual;0;;0;0;;;;;;;;;;;;;;;;;;;;;;;
107_16224_51;6;Facultat de Ciències, Tecnologia i Enginyeries;107;Enginyeria de l'Automoció;16224;Indústries Intel·ligents ;  ;Normal;3;Obligatòria;ESTÀNDARD;Grup Classe en anglès;51; ;28;50;40;50;120;S;1;Torn Matí;Anglès;Online;0;1001,1002,1003,1009;Manual;0;;0;0;;;;;;;;;;;;;;;;;;;;;;;
107_16225_51;6;Facultat de Ciències, Tecnologia i Enginyeries;107;Enginyeria de l'Automoció;16225;Modelatge i Simulació de Vehicles;3;Normal;3;Obligatòria;NO ESTÀNDARD;Grup Classe;51; ;37;50;40;50;80;S;1;Torn Matí;Català;Presencial;0;;Manual;0;;0;0;;;;;;;;;;;;;;;;;;;;;;;
107_16225_5101;6;Facultat de Ciències, Tecnologia i Enginyeries;107;Enginyeria de l'Automoció;16225;Modelatge i Simulació de Vehicles;3;Normal;3;Obligatòria;NO ESTÀNDARD;Laboratori / Taller;5101; ;0;24;40;24;40;S;1;Torn Matí;Català;Presencial;0;;Manual;0;;0;0;;;;;;;;;;;;;;;;;;;;;;;
107_16225_5102;6;Facultat de Ciències, Tecnologia i Enginyeries;107;Enginyeria de l'Automoció;16225;Modelatge i Simulació de Vehicles;3;Normal;3;Obligatòria;NO ESTÀNDARD;Laboratori / Taller;5102; ;0;24;40;24;40;S;1;Torn Matí;Català;Presencial;0;;Manual;0;;0;0;;;;;;;;;;;;;;;;;;;;;;;
107_16226_51;6;Facultat de Ciències, Tecnologia i Enginyeries;107;Enginyeria de l'Automoció;16226;Enginyeria de Control;3;Normal;6;Obligatòria;NO ESTÀNDARD;Grup Classe;51; ;45;55;40;55;200;S;1;Torn Matí;Català;Presencial;0;;Manual;0;;0;0;;;;;;;;;;;;;;;;;;;;;;;
107_16226_1501;6;Facultat de Ciències, Tecnologia i Enginyeries;107;Enginyeria de l'Automoció;16226;Enginyeria de Control;3;Normal;6;Obligatòria;NO ESTÀNDARD;Laboratori / Taller;1501; ;0;20;40;20;40;S;1;Torn Matí;Català;Presencial;0;;Manual;0;;0;0;;;;;;;;;;;;;;;;;;;;;;;
107_16226_1502;6;Facultat de Ciències, Tecnologia i Enginyeries;107;Enginyeria de l'Automoció;16226;Enginyeria de Control;3;Normal;6;Obligatòria;NO ESTÀNDARD;Laboratori / Taller;1502; ;0;20;40;20;40;S;1;Torn Matí;Català;Presencial;0;;Manual;0;;0;0;;;;;;;;;;;;;;;;;;;;;;;
107_16227_51;6;Facultat de Ciències, Tecnologia i Enginyeries;107;Enginyeria de l'Automoció;16227;Robòtica i Automatització Industrial;3;Normal;6;Obligatòria;NO ESTÀNDARD;Grup Classe en anglès;51; ;40;50;35;50;180;S;1;Torn Matí;Anglès;Presencial;0;1001,1002,1003,1009;Manual;0;;0;0;;;;;;;;;;;;;;;;;;;;;;;
107_16227_5101;6;Facultat de Ciències, Tecnologia i Enginyeries;107;Enginyeria de l'Automoció;16227;Robòtica i Automatització Industrial;3;Normal;6;Obligatòria;NO ESTÀNDARD;Laboratori / Taller;5101; ;0;20;35;20;60;S;1;Torn Matí;Anglès;Presencial;0;;Manual;0;;0;0;;;;;;;;;;;;;;;;;;;;;;;
107_16227_5102;6;Facultat de Ciències, Tecnologia i Enginyeries;107;Enginyeria de l'Automoció;16227;Robòtica i Automatització Industrial;3;Normal;6;Obligatòria;NO ESTÀNDARD;Laboratori / Taller;5102; ;0;20;35;20;60;S;1;Torn Matí;Anglès;Presencial;0;;Manual;0;;0;0;;;;;;;;;;;;;;;;;;;;;;;
107_16228_51;6;Facultat de Ciències, Tecnologia i Enginyeries;107;Enginyeria de l'Automoció;16228;Gestió de Projectes ;  ;Normal;3;Obligatòria;ESTÀNDARD;Grup Classe en anglès;51; ;28;50;30;50;120;S;1;Torn Matí;Anglès;Online;1;1001,1002,1003,1009;Manual;0;;0;0;;;;;;;;;;;;;;;;;;;;;;;
107_16229_51;6;Facultat de Ciències, Tecnologia i Enginyeries;107;Enginyeria de l'Automoció;16229;Gestió d'Operacions i Innovació ;3;Normal;3;Obligatòria;ESTÀNDARD;Grup Classe en anglès;51; ;34;50;35;50;120;S;1;Torn Matí;Anglès;Presencial;0;1001,1002,1003,1009;Manual;0;;0;0;;;;;;;;;;;;;;;;;;;;;;;
107_16230_51;6;Facultat de Ciències, Tecnologia i Enginyeries;107;Enginyeria de l'Automoció;16230;Pràctiques en Empresa I;3;Pràctiques Curriculars;12;Pràctiques externes;PRACT. Externes/Extracurrriculars;Grup Classe;51;No informat;21;50;32;50;0;S;2;Torn Mixt;Català;Presencial;0;;Manual;0;;0;0;;;;;;;;;;;;;;;;;;;;;;;
107_16230_5101;6;Facultat de Ciències, Tecnologia i Enginyeries;107;Enginyeria de l'Automoció;16230;Pràctiques en Empresa I;3;Pràctiques Curriculars;12;Pràctiques externes;PRACT. Externes/Extracurrriculars;Tutoritzacions de pràctiques externes o de TFG/TFM;5101;No informat;0;16;32;16;240;S;2;Torn Mixt;Català;Presencial;0;;Manual;0;;0;0;;;;;;;;;;;;;;;;;;;;;;;
107_16230_5101;6;Facultat de Ciències, Tecnologia i Enginyeries;107;Enginyeria de l'Automoció;16230;Pràctiques en Empresa I;3;Pràctiques Curriculars;12;Pràctiques externes;PRACT. Externes/Extracurrriculars;Tutories Altra Activitat Acadèmica;5101;No informat;0;0;32;0;240;S;2;Torn Mixt;Català; ;0;;Manual;0;;0;0;;;;;;;;;;;;;;;;;;;;;;;
107_16230_5101;6;Facultat de Ciències, Tecnologia i Enginyeries;107;Enginyeria de l'Automoció;16230;Pràctiques en Empresa I;3;Pràctiques Curriculars;12;Pràctiques externes;PRACT. Externes/Extracurrriculars;Tutoritzacions Fora Dedicació;5101;No informat;0;0;32;0;240;S;2;Torn Mixt;Català; ;0;;Manual;0;;0;0;;;;;;;;;;;;;;;;;;;;;;;
107_16230_5102;6;Facultat de Ciències, Tecnologia i Enginyeries;107;Enginyeria de l'Automoció;16230;Pràctiques en Empresa I;3;Pràctiques Curriculars;12;Pràctiques externes;PRACT. Externes/Extracurrriculars;Tutoritzacions de pràctiques externes o de TFG/TFM;5102;No informat;0;16;32;16;240;S;2;Torn Mixt;Català;Presencial;0;;Manual;0;;0;0;;;;;;;;;;;;;;;;;;;;;;;
107_16231_32;6;Facultat de Ciències, Tecnologia i Enginyeries;107;Enginyeria de l'Automoció;16231;Pràctiques en Empresa II;3;Pràctiques Curriculars;12;Pràctiques externes;PRACT. Externes/Extracurrriculars;Grup Classe;32;3 tutors per 16 estudiants cada tutor;0;5;32;5;0;S;2;Torn Mixt;Català;Presencial;0;;Manual;0;;0;0;;;;;;;;;;;;;;;;;;;;;;;
107_16231_51;6;Facultat de Ciències, Tecnologia i Enginyeries;107;Enginyeria de l'Automoció;16231;Pràctiques en Empresa II;3;Pràctiques Curriculars;12;Pràctiques externes;PRACT. Externes/Extracurrriculars;Grup Classe;51;3 tutors per 16 estudiants cada tutor;33;50;32;50;0;S;2;Torn Mixt;Català;Presencial;0;;Manual;0;;0;0;;;;;;;;;;;;;;;;;;;;;;;
107_16231_5101;6;Facultat de Ciències, Tecnologia i Enginyeries;107;Enginyeria de l'Automoció;16231;Pràctiques en Empresa II;3;Pràctiques Curriculars;12;Pràctiques externes;PRACT. Externes/Extracurrriculars;Tutories Altra Activitat Acadèmica;5101;3 tutors per 16 estudiants cada tutor;0;0;32;0;240;S;2;Torn Mixt;Català; ;0;;Manual;0;;0;0;;;;;;;;;;;;;;;;;;;;;;;
107_16231_5101;6;Facultat de Ciències, Tecnologia i Enginyeries;107;Enginyeria de l'Automoció;16231;Pràctiques en Empresa II;3;Pràctiques Curriculars;12;Pràctiques externes;PRACT. Externes/Extracurrriculars;Tutoritzacions de pràctiques externes o de TFG/TFM;5101;3 tutors per 16 estudiants cada tutor;0;16;32;16;240;S;2;Torn Mixt;Català;Presencial;0;;Manual;0;;0;0;;;;;;;;;;;;;;;;;;;;;;;
107_16231_5101;6;Facultat de Ciències, Tecnologia i Enginyeries;107;Enginyeria de l'Automoció;16231;Pràctiques en Empresa II;3;Pràctiques Curriculars;12;Pràctiques externes;PRACT. Externes/Extracurrriculars;Tutoritzacions Fora Dedicació;5101;3 tutors per 16 estudiants cada tutor;0;0;32;0;240;S;2;Torn Mixt;Català; ;0;;Manual;0;;0;0;;;;;;;;;;;;;;;;;;;;;;;
107_16231_5102;6;Facultat de Ciències, Tecnologia i Enginyeries;107;Enginyeria de l'Automoció;16231;Pràctiques en Empresa II;3;Pràctiques Curriculars;12;Pràctiques externes;PRACT. Externes/Extracurrriculars;Tutoritzacions de pràctiques externes o de TFG/TFM;5102;3 tutors per 16 estudiants cada tutor;0;16;32;16;240;S;2;Torn Mixt;Català;Presencial;0;;Manual;0;;0;0;;;;;;;;;;;;;;;;;;;;;;;
107_16232_51;6;Facultat de Ciències, Tecnologia i Enginyeries;107;Enginyeria de l'Automoció;16232;Pràctiques en Empresa III;4;Pràctiques Curriculars;12;Pràctiques externes;PRACT. Externes/Extracurrriculars;Grup Classe;51; ;28;50;32;50;0;S;1;Torn Mixt;Català;Presencial;0;;Manual;0;;0;0;;;;;;;;;;;;;;;;;;;;;;;
107_16232_52;6;Facultat de Ciències, Tecnologia i Enginyeries;107;Enginyeria de l'Automoció;16232;Pràctiques en Empresa III;4;Pràctiques Curriculars;12;Pràctiques externes;PRACT. Externes/Extracurrriculars;Grup Classe;52; ;0;10;32;10;0;S;2;Torn Mixt;Català;Presencial;0;;Manual;0;;0;0;;;;;;;;;;;;;;;;;;;;;;;
107_16232_5101;6;Facultat de Ciències, Tecnologia i Enginyeries;107;Enginyeria de l'Automoció;16232;Pràctiques en Empresa III;4;Pràctiques Curriculars;12;Pràctiques externes;PRACT. Externes/Extracurrriculars;Tutoritzacions Fora Dedicació;5101; ;0;0;32;0;240;S;1;Torn Mixt;Català; ;0;;Manual;0;;0;0;;;;;;;;;;;;;;;;;;;;;;;
107_16232_5101;6;Facultat de Ciències, Tecnologia i Enginyeries;107;Enginyeria de l'Automoció;16232;Pràctiques en Empresa III;4;Pràctiques Curriculars;12;Pràctiques externes;PRACT. Externes/Extracurrriculars;Tutories Altra Activitat Acadèmica;5101; ;0;0;32;0;240;S;1;Torn Mixt;Català; ;0;;Manual;0;;0;0;;;;;;;;;;;;;;;;;;;;;;;
107_16232_5101;6;Facultat de Ciències, Tecnologia i Enginyeries;107;Enginyeria de l'Automoció;16232;Pràctiques en Empresa III;4;Pràctiques Curriculars;12;Pràctiques externes;PRACT. Externes/Extracurrriculars;Tutoritzacions de pràctiques externes o de TFG/TFM;5101; ;0;16;32;16;240;S;1;Torn Mixt;Català;Presencial;0;;Manual;0;;0;0;;;;;;;;;;;;;;;;;;;;;;;
107_16232_5102;6;Facultat de Ciències, Tecnologia i Enginyeries;107;Enginyeria de l'Automoció;16232;Pràctiques en Empresa III;4;Pràctiques Curriculars;12;Pràctiques externes;PRACT. Externes/Extracurrriculars;Tutoritzacions de pràctiques externes o de TFG/TFM;5102; ;0;16;32;16;240;S;1;Torn Mixt;Català;Presencial;0;;Manual;0;;0;0;;;;;;;;;;;;;;;;;;;;;;;
107_16232_5102;6;Facultat de Ciències, Tecnologia i Enginyeries;107;Enginyeria de l'Automoció;16232;Pràctiques en Empresa III;4;Pràctiques Curriculars;12;Pràctiques externes;PRACT. Externes/Extracurrriculars;Tutoritzacions Fora Dedicació;5102; ;0;0;32;0;240;S;2;Torn Mixt;Català; ;0;;Manual;0;;0;0;;;;;;;;;;;;;;;;;;;;;;;
107_16233_51;6;Facultat de Ciències, Tecnologia i Enginyeries;107;Enginyeria de l'Automoció;16233;Pràctiques en Empresa IV;4;Pràctiques Curriculars;12;Pràctiques externes;PRACT. Externes/Extracurrriculars;Grup Classe;51; ;29;50;32;50;0;S;1;Torn Mixt;Català;Presencial;0;;Manual;0;;0;0;;;;;;;;;;;;;;;;;;;;;;;
107_16233_52;6;Facultat de Ciències, Tecnologia i Enginyeries;107;Enginyeria de l'Automoció;16233;Pràctiques en Empresa IV;4;Pràctiques Curriculars;12;Pràctiques externes;PRACT. Externes/Extracurrriculars;Grup Classe;52; ;0;10;32;10;0;S;2;Torn Mixt;Català;Presencial;0;;Manual;0;;0;0;;;;;;;;;;;;;;;;;;;;;;;
107_16233_5101;6;Facultat de Ciències, Tecnologia i Enginyeries;107;Enginyeria de l'Automoció;16233;Pràctiques en Empresa IV;4;Pràctiques Curriculars;12;Pràctiques externes;PRACT. Externes/Extracurrriculars;Tutoritzacions de pràctiques externes o de TFG/TFM;5101; ;0;16;32;16;240;S;1;Torn Mixt;Català;Presencial;0;;Manual;0;;0;0;;;;;;;;;;;;;;;;;;;;;;;
107_16233_5101;6;Facultat de Ciències, Tecnologia i Enginyeries;107;Enginyeria de l'Automoció;16233;Pràctiques en Empresa IV;4;Pràctiques Curriculars;12;Pràctiques externes;PRACT. Externes/Extracurrriculars;Tutoritzacions Fora Dedicació;5101; ;0;0;32;0;240;S;1;Torn Mixt;Català; ;0;;Manual;0;;0;0;;;;;;;;;;;;;;;;;;;;;;;
107_16233_5101;6;Facultat de Ciències, Tecnologia i Enginyeries;107;Enginyeria de l'Automoció;16233;Pràctiques en Empresa IV;4;Pràctiques Curriculars;12;Pràctiques externes;PRACT. Externes/Extracurrriculars;Tutories Altra Activitat Acadèmica;5101; ;0;0;32;0;240;S;1;Torn Mixt;Català; ;0;;Manual;0;;0;0;;;;;;;;;;;;;;;;;;;;;;;
107_16233_5102;6;Facultat de Ciències, Tecnologia i Enginyeries;107;Enginyeria de l'Automoció;16233;Pràctiques en Empresa IV;4;Pràctiques Curriculars;12;Pràctiques externes;PRACT. Externes/Extracurrriculars;Tutoritzacions de pràctiques externes o de TFG/TFM;5102; ;0;16;32;16;240;S;1;Torn Mixt;Català;Presencial;0;;Manual;0;;0;0;;;;;;;;;;;;;;;;;;;;;;;
107_16233_5102;6;Facultat de Ciències, Tecnologia i Enginyeries;107;Enginyeria de l'Automoció;16233;Pràctiques en Empresa IV;4;Pràctiques Curriculars;12;Pràctiques externes;PRACT. Externes/Extracurrriculars;Tutoritzacions Fora Dedicació;5102; ;0;0;32;0;240;S;2;Torn Mixt;Català; ;0;;Manual;0;;0;0;;;;;;;;;;;;;;;;;;;;;;;
107_16234_51;6;Facultat de Ciències, Tecnologia i Enginyeries;107;Enginyeria de l'Automoció;16234;Treball de Fi de Grau;4;Treball fi de grau;12;Treball de fi de grau;TFG/TFM;Grup Classe;51;No informat;5;20;40;20;0;S;1;Torn Matí;Català;Presencial;0;;Manual;0;;0;0;;;;;;;;;;;;;;;;;;;;;;;
107_16234_52;6;Facultat de Ciències, Tecnologia i Enginyeries;107;Enginyeria de l'Automoció;16234;Treball de Fi de Grau;4;Treball fi de grau;12;Treball de fi de grau;TFG/TFM;Grup Classe;52;No informat;0;30;40;30;0;S;2;Torn Matí;Català;Presencial;0;;Manual;0;;0;0;;;;;;;;;;;;;;;;;;;;;;;
107_16234_5101;6;Facultat de Ciències, Tecnologia i Enginyeries;107;Enginyeria de l'Automoció;16234;Treball de Fi de Grau;4;Treball fi de grau;12;Treball de fi de grau;TFG/TFM;Tutoritzacions Fora Dedicació;5101;No informat;0;0;40;0;600;S;1;Torn Matí;Català; ;0;;Manual;0;;0;0;;;;;;;;;;;;;;;;;;;;;;;
107_16234_5101;6;Facultat de Ciències, Tecnologia i Enginyeries;107;Enginyeria de l'Automoció;16234;Treball de Fi de Grau;4;Treball fi de grau;12;Treball de fi de grau;TFG/TFM;Tribunals de TFG i TFM;5101;No informat;0;0;40;0;120;S;1;Torn Matí;Català;Presencial;0;;Manual;0;;0;0;;;;;;;;;;;;;;;;;;;;;;;
107_16234_5101;6;Facultat de Ciències, Tecnologia i Enginyeries;107;Enginyeria de l'Automoció;16234;Treball de Fi de Grau;4;Treball fi de grau;12;Treball de fi de grau;TFG/TFM;Tutoritzacions de pràctiques externes o de TFG/TFM;5101;No informat;0;0;40;0;600;S;1;Torn Matí;Català;Presencial;0;;Manual;0;;0;0;;;;;;;;;;;;;;;;;;;;;;;
107_16234_5101;6;Facultat de Ciències, Tecnologia i Enginyeries;107;Enginyeria de l'Automoció;16234;Treball de Fi de Grau;4;Treball fi de grau;12;Treball de fi de grau;TFG/TFM;Tutories Altra Activitat Acadèmica;5101;No informat;0;0;40;0;600;S;2;Torn Matí;Català; ;0;;Manual;0;;0;0;;;;;;;;;;;;;;;;;;;;;;;
107_16235_51;6;Facultat de Ciències, Tecnologia i Enginyeries;107;Enginyeria de l'Automoció;16235;Programació de Control Numèric  ;4;Normal;3;Optativa;ESTÀNDARD;Grup Classe en anglès;51; ;22;25;24;25;120;S;2;Torn Matí;Anglès;Presencial;0;1001,1002,1003,1009;Manual;0;;0;0;;;;;;;;;;;;;;;;;;;;;;;
107_16237_51;6;Facultat de Ciències, Tecnologia i Enginyeries;107;Enginyeria de l'Automoció;16237;Visió per Computador i Sistemes Intel·ligents;4;Normal;3;Optativa;ESTÀNDARD;Grup Classe en anglès;51; ;0;0;19;0;120;S;2;Torn Matí;Anglès;Presencial;0;1001,1002,1003,1009;Manual;0;;0;0;;;;;;;;;;;;;;;;;;;;;;;
107_16240_51;6;Facultat de Ciències, Tecnologia i Enginyeries;107;Enginyeria de l'Automoció;16240;Vehicles Verds ;4;Normal;3;Optativa;ESTÀNDARD;Grup Classe en anglès;51; ;21;25;19;25;120;S;2;Torn Matí;Anglès;Presencial;0;1001,1002,1003,1009;Manual;0;;0;0;;;;;;;;;;;;;;;;;;;;;;;
107_16241_51;6;Facultat de Ciències, Tecnologia i Enginyeries;107;Enginyeria de l'Automoció;16241;Disseny per a la Seguretat i el Confort ;4;Normal;3;Optativa;ESTÀNDARD;Grup Classe en anglès;51; ;25;27;19;27;120;S;2;Torn Matí;Anglès;Online;0;1001,1002,1003,1009;Manual;0;;0;0;;;;;;;;;;;;;;;;;;;;;;;
27_16276_11;6;Facultat de Ciències, Tecnologia i Enginyeries;27;Biotecnologia;16276;Laboratori Integrat I ;2;Normal;3;Obligatòria;NO ESTÀNDARD;Grup Classe en anglès;11; ;64;65;42;65;30;S;2;Torn Matí;Anglès;Presencial;0;1001,1002,1003,1009;Manual;0;;0;0;;;;;;;;;;;;;;;;;;;;;;;
27_16276_1101;6;Facultat de Ciències, Tecnologia i Enginyeries;27;Biotecnologia;16276;Laboratori Integrat I ;2;Normal;3;Obligatòria;NO ESTÀNDARD;Laboratori / Taller;1101; ;0;12;42;12;90;S;2;Torn Matí;Anglès;Presencial;0;;Manual;0;;0;0;;;;;;;;;;;;;;;;;;;;;;;
27_16276_1102;6;Facultat de Ciències, Tecnologia i Enginyeries;27;Biotecnologia;16276;Laboratori Integrat I ;2;Normal;3;Obligatòria;NO ESTÀNDARD;Laboratori / Taller;1102; ;0;12;42;12;90;S;2;Torn Matí;Anglès;Presencial;0;;Manual;0;;0;0;;;;;;;;;;;;;;;;;;;;;;;
27_16276_1103;6;Facultat de Ciències, Tecnologia i Enginyeries;27;Biotecnologia;16276;Laboratori Integrat I ;2;Normal;3;Obligatòria;NO ESTÀNDARD;Laboratori / Taller;1103; ;0;12;42;12;90;S;2;Torn Matí;Anglès;Presencial;0;;Manual;0;;0;0;;;;;;;;;;;;;;;;;;;;;;;
27_16276_1104;6;Facultat de Ciències, Tecnologia i Enginyeries;27;Biotecnologia;16276;Laboratori Integrat I ;2;Normal;3;Obligatòria;NO ESTÀNDARD;Laboratori / Taller;1104; ;0;12;42;12;90;S;2;Torn Matí;Anglès;Presencial;0;;Manual;0;;0;0;;;;;;;;;;;;;;;;;;;;;;;
27_16276_1105;6;Facultat de Ciències, Tecnologia i Enginyeries;27;Biotecnologia;16276;Laboratori Integrat I ;2;Normal;3;Obligatòria;NO ESTÀNDARD;Laboratori / Taller;1105; ;0;12;42;12;90;S;2;Torn Matí;Anglès;Presencial;0;;Manual;0;;0;0;;;;;;;;;;;;;;;;;;;;;;;
27_16277_11;6;Facultat de Ciències, Tecnologia i Enginyeries;27;Biotecnologia;16277;Laboratori Integrat III ;3;Normal;6;Obligatòria;NO ESTÀNDARD;Grup Classe en anglès;11; ;49;60;36;60;60;S;2;Torn Matí;Anglès;Presencial;0;1001,1002,1003,1009;Manual;0;;0;0;;;;;;;;;;;;;;;;;;;;;;;
27_16277_1101;6;Facultat de Ciències, Tecnologia i Enginyeries;27;Biotecnologia;16277;Laboratori Integrat III ;3;Normal;6;Obligatòria;NO ESTÀNDARD;Laboratori / Taller;1101; ;0;12;36;12;180;S;2;Torn Matí;Anglès;Presencial;0;;Manual;0;;0;0;;;;;;;;;;;;;;;;;;;;;;;
27_16277_1102;6;Facultat de Ciències, Tecnologia i Enginyeries;27;Biotecnologia;16277;Laboratori Integrat III ;3;Normal;6;Obligatòria;NO ESTÀNDARD;Laboratori / Taller;1102; ;0;12;36;12;180;S;2;Torn Matí;Anglès;Presencial;0;;Manual;0;;0;0;;;;;;;;;;;;;;;;;;;;;;;
27_16277_1103;6;Facultat de Ciències, Tecnologia i Enginyeries;27;Biotecnologia;16277;Laboratori Integrat III ;3;Normal;6;Obligatòria;NO ESTÀNDARD;Laboratori / Taller;1103; ;0;12;36;12;180;S;2;Torn Matí;Anglès;Presencial;0;;Manual;0;;0;0;;;;;;;;;;;;;;;;;;;;;;;
27_16277_1104;6;Facultat de Ciències, Tecnologia i Enginyeries;27;Biotecnologia;16277;Laboratori Integrat III ;3;Normal;6;Obligatòria;NO ESTÀNDARD;Laboratori / Taller;1104; ;0;12;36;12;180;S;2;Torn Matí;Anglès;Presencial;0;;Manual;0;;0;0;;;;;;;;;;;;;;;;;;;;;;;
27_16278_11;6;Facultat de Ciències, Tecnologia i Enginyeries;27;Biotecnologia;16278;Bioinformàtica Avançada ;4;Normal;6;Optativa;ESTÀNDARD;Grup Classe en anglès;11; ;0;0;20;0;240;S;1;Torn Matí;Anglès;Presencial;0;1001,1002,1003,1009;Manual;0;;0;0;;;;;;;;;;;;;;;;;;;;;;;
25_16286_15;6;Facultat de Ciències, Tecnologia i Enginyeries;25;Enginyeria Mecatrònica;16286;Emprenedoria;4;Normal;6;Optativa;ESTÀNDARD;Grup Classe;15; ;5;15;10;15;0;S;1;Torn Matí;Català;Presencial;0;;Manual;0;104_15856_15;0;0;;;;;;;;;;;;;;;;;;;;;;;
30_16291_11;6;Facultat de Ciències, Tecnologia i Enginyeries;30;Biologia;16291;Ecologia Microbiana;  ;Normal;3;Obligatòria;NO ESTÀNDARD;Grup Classe;11; ;31;50;30;50;90;S;1;Torn Matí;Català;Presencial;0;;Manual;0;;0;0;;;;;;;;;;;;;;;;;;;;;;;
30_16291_1101;6;Facultat de Ciències, Tecnologia i Enginyeries;30;Biologia;16291;Ecologia Microbiana;  ;Normal;3;Obligatòria;NO ESTÀNDARD;Laboratori / Taller;1101; ;0;18;30;18;30;S;1;Torn Matí;Català;Presencial;0;;Manual;0;;0;0;;;;;;;;;;;;;;;;;;;;;;;
30_16291_1102;6;Facultat de Ciències, Tecnologia i Enginyeries;30;Biologia;16291;Ecologia Microbiana;  ;Normal;3;Obligatòria;NO ESTÀNDARD;Laboratori / Taller;1102; ;0;18;30;18;30;S;1;Torn Matí;Català;Presencial;0;;Manual;0;;0;0;;;;;;;;;;;;;;;;;;;;;;;
30_16292_11;6;Facultat de Ciències, Tecnologia i Enginyeries;30;Biologia;16292;Evolució;3;Normal;3;Obligatòria;ESTÀNDARD;Grup Classe;11; ;37;50;30;50;120;S;1;Torn Matí;Català;Presencial;0;;Manual;0;;0;0;;;;;;;;;;;;;;;;;;;;;;;
27_16527_11;6;Facultat de Ciències, Tecnologia i Enginyeries;27;Biotecnologia;16527;Tendències de la Biotecnologia Biomèdica  ;4;Normal;6;Optativa;ESTÀNDARD;Grup Classe en anglès;11; ;18;35;25;35;240;S;1;Torn Matí;Anglès;Presencial;0;1001,1002,1003,1009;Manual;0;;0;0;;;;;;;;;;;;;;;;;;;;;;;
25_16531_15;6;Facultat de Ciències, Tecnologia i Enginyeries;25;Enginyeria Mecatrònica;16531;Simulació d'Enginyeria Assistida per Ordinador Aplicada al Disseny de Maquinària;4;Normal;6;Optativa;NO ESTÀNDARD;Grup Classe en anglès;15; ;13;24;0;24;120;S;2;Torn Tarda;Anglès;Presencial;0;1001,1002,1003,1009;Manual;0;;0;0;;;;;;;;;;;;;;;;;;;;;;;
25_16531_1501;6;Facultat de Ciències, Tecnologia i Enginyeries;25;Enginyeria Mecatrònica;16531;Simulació d'Enginyeria Assistida per Ordinador Aplicada al Disseny de Maquinària;4;Normal;6;Optativa;NO ESTÀNDARD;Laboratori / Taller;1501; ;0;24;0;24;120;S;2;Torn Tarda;Anglès;Presencial;0;;Manual;0;;0;0;;;;;;;;;;;;;;;;;;;;;;;
107_16656_51;6;Facultat de Ciències, Tecnologia i Enginyeries;107;Enginyeria de l'Automoció;16656;Comunicació en Anglès per a l'Enginyeria ;1;Normal;6;Formació bàsica;NO ESTÀNDARD;Grup Classe;51; ;58;64;48;64;120;S;2;Torn Matí;Anglès;Presencial;0;1001,1002,1003,1009;Manual;0;;0;0;;;;;;;;;;;;;;;;;;;;;;;
107_16656_5101;6;Facultat de Ciències, Tecnologia i Enginyeries;107;Enginyeria de l'Automoció;16656;Comunicació en Anglès per a l'Enginyeria ;1;Normal;6;Formació bàsica;NO ESTÀNDARD;Laboratori / Taller;5101; ;0;24;48;24;120;S;2;Torn Matí;Anglès;Presencial;0;;Manual;0;;0;0;;;;;;;;;;;;;;;;;;;;;;;
107_16656_5102;6;Facultat de Ciències, Tecnologia i Enginyeries;107;Enginyeria de l'Automoció;16656;Comunicació en Anglès per a l'Enginyeria ;1;Normal;6;Formació bàsica;NO ESTÀNDARD;Laboratori / Taller;5102; ;0;24;48;24;120;S;2;Torn Matí;Anglès;Presencial;0;;Manual;0;;0;0;;;;;;;;;;;;;;;;;;;;;;;
107_16656_5103;6;Facultat de Ciències, Tecnologia i Enginyeries;107;Enginyeria de l'Automoció;16656;Comunicació en Anglès per a l'Enginyeria ;1;Normal;6;Formació bàsica;NO ESTÀNDARD;Laboratori / Taller;5103; ;0;24;48;24;120;S;2;Torn Matí;Anglès;Presencial;0;;Manual;0;;0;0;;;;;;;;;;;;;;;;;;;;;;;
104_16657_15;6;Facultat de Ciències, Tecnologia i Enginyeries;104;Multimèdia. Aplicacions i Videojocs;16657;Comunicació Multimèdia en Anglès;1;Normal;6;Formació bàsica;NO ESTÀNDARD;Grup Classe;15; ;13;45;20;45;120;S;1;Torn Matí;Anglès;Presencial;0;1001,1002,1003,1009;Manual;0;;0;0;;;;;;;;;;;;;;;;;;;;;;;
104_16657_1501;6;Facultat de Ciències, Tecnologia i Enginyeries;104;Multimèdia. Aplicacions i Videojocs;16657;Comunicació Multimèdia en Anglès;1;Normal;6;Formació bàsica;NO ESTÀNDARD;Laboratori / Taller;1501; ;0;24;20;24;120;S;1;Torn Matí;Anglès;Presencial;0;;Manual;0;;0;0;;;;;;;;;;;;;;;;;;;;;;;
104_16658_15;6;Facultat de Ciències, Tecnologia i Enginyeries;104;Multimèdia. Aplicacions i Videojocs;16658;Experiència d'Usuari ;2;Normal;3;Obligatòria;NO ESTÀNDARD;Grup Classe en anglès;15; ;17;45;15;45;80;S;2;Torn Matí;Anglès;Presencial;0;1001,1002,1003,1009;Manual;0;;0;0;;;;;;;;;;;;;;;;;;;;;;;
104_16658_1501;6;Facultat de Ciències, Tecnologia i Enginyeries;104;Multimèdia. Aplicacions i Videojocs;16658;Experiència d'Usuari ;2;Normal;3;Obligatòria;NO ESTÀNDARD;Laboratori / Taller;1501; ;0;24;15;24;40;S;2;Torn Matí;Anglès;Presencial;0;;Manual;0;;0;0;;;;;;;;;;;;;;;;;;;;;;;
30_16664_11;6;Facultat de Ciències, Tecnologia i Enginyeries;30;Biologia;16664;Genètica Molecular i Genòmica;  ;Normal;6;Obligatòria;ESTÀNDARD;Grup Classe;11; ;31;50;35;50;240;S;1;Torn Matí;Català;Presencial;0;;Manual;0;;0;0;;;;;;;;;;;;;;;;;;;;;;;
30_16666_11;6;Facultat de Ciències, Tecnologia i Enginyeries;30;Biologia;16666;Matemàtiques;1;Normal;6;Formació bàsica;NO ESTÀNDARD;Grup Classe;11; ;0;0;120;0;180;S;1;Torn Matí;Català;Presencial;0;;Alternància;0;;1;67;27_16670_11;;;;;;;;;;;;;;;;;;;;;;
30_16666_12;6;Facultat de Ciències, Tecnologia i Enginyeries;30;Biologia;16666;Matemàtiques;1;Normal;6;Formació bàsica;NO ESTÀNDARD;Grup Classe;12; ;54;60;120;60;180;S;1;Torn Matí;Català;Presencial;0;;Alternància;0;;1;0;27_16670_12;;;;;;;;;;;;;;;;;;;;;;
30_16666_13;6;Facultat de Ciències, Tecnologia i Enginyeries;30;Biologia;16666;Matemàtiques;1;Normal;6;Formació bàsica;NO ESTÀNDARD;Grup Classe;13; ;20;45;120;45;180;S;1;Torn Matí;Català;Presencial;0;;Manual;0;;2;19;27_16670_13;30_16666_40;;;;;;;;;;;;;;;;;;;;;
30_16666_40;6;Facultat de Ciències, Tecnologia i Enginyeries;30;Biologia;16666;Matemàtiques;1;Normal;6;Formació bàsica;NO ESTÀNDARD;Grup Classe;40; ;0;5;120;5;180;S;1;Torn Matí;Català;Presencial;0;;Manual;0;30_16666_13;0;0;;;;;;;;;;;;;;;;;;;;;;;
30_16666_1101;6;Facultat de Ciències, Tecnologia i Enginyeries;30;Biologia;16666;Matemàtiques;1;Normal;6;Formació bàsica;NO ESTÀNDARD;Laboratori / Taller;1101; ;0;30;120;30;60;S;1;Torn Matí;Català;Presencial;0;;Alternància;0;;0;0;;;;;;;;;;;;;;;;;;;;;;;
30_16666_1102;6;Facultat de Ciències, Tecnologia i Enginyeries;30;Biologia;16666;Matemàtiques;1;Normal;6;Formació bàsica;NO ESTÀNDARD;Laboratori / Taller;1102; ;0;30;120;30;60;S;1;Torn Matí;Català;Presencial;0;;Alternància;0;;0;0;;;;;;;;;;;;;;;;;;;;;;;
30_16666_1201;6;Facultat de Ciències, Tecnologia i Enginyeries;30;Biologia;16666;Matemàtiques;1;Normal;6;Formació bàsica;NO ESTÀNDARD;Laboratori / Taller;1201; ;0;30;120;30;60;S;1;Torn Matí;Català;Presencial;0;;Alternància;0;;0;0;;;;;;;;;;;;;;;;;;;;;;;
30_16666_1202;6;Facultat de Ciències, Tecnologia i Enginyeries;30;Biologia;16666;Matemàtiques;1;Normal;6;Formació bàsica;NO ESTÀNDARD;Laboratori / Taller;1202; ;0;30;120;30;60;S;1;Torn Matí;Català;Presencial;0;;Alternància;0;;0;0;;;;;;;;;;;;;;;;;;;;;;;
30_16666_1301;6;Facultat de Ciències, Tecnologia i Enginyeries;30;Biologia;16666;Matemàtiques;1;Normal;6;Formació bàsica;NO ESTÀNDARD;Laboratori / Taller;1301; ;0;30;120;30;60;S;1;Torn Matí;Català;Presencial;0;;Manual;0;;0;0;;;;;;;;;;;;;;;;;;;;;;;
30_16666_1302;6;Facultat de Ciències, Tecnologia i Enginyeries;30;Biologia;16666;Matemàtiques;1;Normal;6;Formació bàsica;NO ESTÀNDARD;Laboratori / Taller;1302; ;0;30;120;30;60;S;1;Torn Matí;Català;Presencial;0;;Manual;0;;0;0;;;;;;;;;;;;;;;;;;;;;;;
30_16667_11;6;Facultat de Ciències, Tecnologia i Enginyeries;30;Biologia;16667;Introducció a l'Estudi de les Ciències Biològiques;1;Normal;6;Formació bàsica;NO ESTÀNDARD;Grup Classe;11;No informat;0;0;96;0;120;S;1;Torn Matí;Català;Presencial;0;;Alternància;0;;1;66;27_16669_11;;;;;;;;;;;;;;;;;;;;;;
30_16667_12;6;Facultat de Ciències, Tecnologia i Enginyeries;30;Biologia;16667;Introducció a l'Estudi de les Ciències Biològiques;1;Normal;6;Formació bàsica;NO ESTÀNDARD;Grup Classe;12;No informat;58;68;96;68;120;S;1;Torn Matí;Català;Presencial;0;;Alternància;0;;1;0;27_16669_12;;;;;;;;;;;;;;;;;;;;;;
30_16667_1101;6;Facultat de Ciències, Tecnologia i Enginyeries;30;Biologia;16667;Introducció a l'Estudi de les Ciències Biològiques;1;Normal;6;Formació bàsica;NO ESTÀNDARD;Laboratori / Taller;1101;No informat;0;24;96;24;120;S;1;Torn Matí;Català;Presencial;0;;Alternància;0;;0;0;;;;;;;;;;;;;;;;;;;;;;;
30_16667_1102;6;Facultat de Ciències, Tecnologia i Enginyeries;30;Biologia;16667;Introducció a l'Estudi de les Ciències Biològiques;1;Normal;6;Formació bàsica;NO ESTÀNDARD;Laboratori / Taller;1102;No informat;0;24;96;24;120;S;1;Torn Matí;Català;Presencial;0;;Alternància;0;;0;0;;;;;;;;;;;;;;;;;;;;;;;
30_16667_1103;6;Facultat de Ciències, Tecnologia i Enginyeries;30;Biologia;16667;Introducció a l'Estudi de les Ciències Biològiques;1;Normal;6;Formació bàsica;NO ESTÀNDARD;Laboratori / Taller;1103;No informat;0;24;96;24;120;S;1;Torn Matí;Català;Presencial;0;;Alternància;0;;0;0;;;;;;;;;;;;;;;;;;;;;;;
30_16667_1201;6;Facultat de Ciències, Tecnologia i Enginyeries;30;Biologia;16667;Introducció a l'Estudi de les Ciències Biològiques;1;Normal;6;Formació bàsica;NO ESTÀNDARD;Laboratori / Taller;1201;No informat;0;24;96;24;120;S;1;Torn Matí;Català;Presencial;0;;Alternància;0;;0;0;;;;;;;;;;;;;;;;;;;;;;;
30_16667_1202;6;Facultat de Ciències, Tecnologia i Enginyeries;30;Biologia;16667;Introducció a l'Estudi de les Ciències Biològiques;1;Normal;6;Formació bàsica;NO ESTÀNDARD;Laboratori / Taller;1202;No informat;0;24;96;24;120;S;1;Torn Matí;Català;Presencial;0;;Alternància;0;;0;0;;;;;;;;;;;;;;;;;;;;;;;
30_16667_1203;6;Facultat de Ciències, Tecnologia i Enginyeries;30;Biologia;16667;Introducció a l'Estudi de les Ciències Biològiques;1;Normal;6;Formació bàsica;NO ESTÀNDARD;Laboratori / Taller;1203;No informat;0;24;96;24;120;S;1;Torn Matí;Català;Presencial;0;;Alternància;0;;0;0;;;;;;;;;;;;;;;;;;;;;;;
30_16668_11;6;Facultat de Ciències, Tecnologia i Enginyeries;30;Biologia;16668;Comunicació Científica en Anglès;1;Normal;6;Formació bàsica;NO ESTÀNDARD;Grup Classe;11; ;0;0;96;0;120;S;1;Torn Matí;Anglès;Presencial;0;1001,1002,1003,1009;Alternància;0;;1;64;27_16671_11;;;;;;;;;;;;;;;;;;;;;;
30_16668_12;6;Facultat de Ciències, Tecnologia i Enginyeries;30;Biologia;16668;Comunicació Científica en Anglès;1;Normal;6;Formació bàsica;NO ESTÀNDARD;Grup Classe;12; ;56;65;96;65;120;S;1;Torn Matí;Anglès;Presencial;0;1001,1002,1003,1009;Alternància;0;;1;0;27_16671_12;;;;;;;;;;;;;;;;;;;;;;
30_16668_1101;6;Facultat de Ciències, Tecnologia i Enginyeries;30;Biologia;16668;Comunicació Científica en Anglès;1;Normal;6;Formació bàsica;NO ESTÀNDARD;Laboratori / Taller;1101; ;0;24;96;24;120;S;1;Torn Matí;Anglès;Presencial;0;;Alternància;0;;0;0;;;;;;;;;;;;;;;;;;;;;;;
30_16668_1102;6;Facultat de Ciències, Tecnologia i Enginyeries;30;Biologia;16668;Comunicació Científica en Anglès;1;Normal;6;Formació bàsica;NO ESTÀNDARD;Laboratori / Taller;1102; ;0;24;96;24;120;S;1;Torn Matí;Anglès;Presencial;0;;Alternància;0;;0;0;;;;;;;;;;;;;;;;;;;;;;;
30_16668_1103;6;Facultat de Ciències, Tecnologia i Enginyeries;30;Biologia;16668;Comunicació Científica en Anglès;1;Normal;6;Formació bàsica;NO ESTÀNDARD;Laboratori / Taller;1103; ;0;24;96;24;120;S;1;Torn Matí;Anglès;Presencial;0;;Alternància;0;;0;0;;;;;;;;;;;;;;;;;;;;;;;
30_16668_1201;6;Facultat de Ciències, Tecnologia i Enginyeries;30;Biologia;16668;Comunicació Científica en Anglès;1;Normal;6;Formació bàsica;NO ESTÀNDARD;Laboratori / Taller;1201; ;0;24;96;24;120;S;1;Torn Matí;Anglès;Presencial;0;;Alternància;0;;0;0;;;;;;;;;;;;;;;;;;;;;;;
30_16668_1202;6;Facultat de Ciències, Tecnologia i Enginyeries;30;Biologia;16668;Comunicació Científica en Anglès;1;Normal;6;Formació bàsica;NO ESTÀNDARD;Laboratori / Taller;1202; ;0;24;96;24;120;S;1;Torn Matí;Anglès;Presencial;0;;Alternància;0;;0;0;;;;;;;;;;;;;;;;;;;;;;;
30_16668_1203;6;Facultat de Ciències, Tecnologia i Enginyeries;30;Biologia;16668;Comunicació Científica en Anglès;1;Normal;6;Formació bàsica;NO ESTÀNDARD;Laboratori / Taller;1203; ;0;24;96;24;120;S;1;Torn Matí;Anglès;Presencial;0;;Alternància;0;;0;0;;;;;;;;;;;;;;;;;;;;;;;
27_16669_11;6;Facultat de Ciències, Tecnologia i Enginyeries;27;Biotecnologia;16669;Introducció a l'Estudi de les Ciències Biològiques;1;Normal;6;Formació bàsica;NO ESTÀNDARD;Grup Classe;11; ;66;70;46;70;0;S;1;Torn Matí;Català;Presencial;0;;Alternància;0;30_16667_11;0;0;;;;;;;;;;;;;;;;;;;;;;;
27_16669_12;6;Facultat de Ciències, Tecnologia i Enginyeries;27;Biotecnologia;16669;Introducció a l'Estudi de les Ciències Biològiques;1;Normal;6;Formació bàsica;NO ESTÀNDARD;Grup Classe;12; ;0;0;46;0;0;S;1;Torn Matí;Català;Presencial;0;;Alternància;0;30_16667_12;0;0;;;;;;;;;;;;;;;;;;;;;;;
27_16670_11;6;Facultat de Ciències, Tecnologia i Enginyeries;27;Biotecnologia;16670;Matemàtiques;1;Normal;6;Formació bàsica;NO ESTÀNDARD;Grup Classe;11; ;67;72;60;72;0;S;1;Torn Matí;Català;Presencial;0;;Alternància;0;30_16666_11;0;0;;;;;;;;;;;;;;;;;;;;;;;
27_16670_12;6;Facultat de Ciències, Tecnologia i Enginyeries;27;Biotecnologia;16670;Matemàtiques;1;Normal;6;Formació bàsica;NO ESTÀNDARD;Grup Classe;12; ;0;0;60;0;0;S;1;Torn Matí;Català;Presencial;0;;Alternància;0;30_16666_12;0;0;;;;;;;;;;;;;;;;;;;;;;;
27_16670_13;6;Facultat de Ciències, Tecnologia i Enginyeries;27;Biotecnologia;16670;Matemàtiques;1;Normal;6;Formació bàsica;NO ESTÀNDARD;Grup Classe;13; ;19;40;60;40;0;S;1;Torn Matí;Català;Presencial;0;;Manual;0;30_16666_13;0;0;;;;;;;;;;;;;;;;;;;;;;;
27_16671_11;6;Facultat de Ciències, Tecnologia i Enginyeries;27;Biotecnologia;16671;Comunicació Científica en Anglès ;1;Normal;6;Formació bàsica;NO ESTÀNDARD;Grup Classe;11; ;64;70;46;70;0;S;1;Torn Matí;Anglès;Presencial;0;;Alternància;0;30_16668_11;0;0;;;;;;;;;;;;;;;;;;;;;;;
27_16671_12;6;Facultat de Ciències, Tecnologia i Enginyeries;27;Biotecnologia;16671;Comunicació Científica en Anglès ;1;Normal;6;Formació bàsica;NO ESTÀNDARD;Grup Classe;12; ;0;0;46;0;0;S;1;Torn Matí;Anglès;Presencial;0;;Alternància;0;30_16668_12;0;0;;;;;;;;;;;;;;;;;;;;;;;
27_16672_11;6;Facultat de Ciències, Tecnologia i Enginyeries;27;Biotecnologia;16672;Immunologia;3;Normal;3;Obligatòria;ESTÀNDARD;Grup Classe;11; ;51;55;45;55;120;S;1;Torn Matí;Català;Presencial;0;;Manual;0;;0;0;;;;;;;;;;;;;;;;;;;;;;;
27_16673_11;6;Facultat de Ciències, Tecnologia i Enginyeries;27;Biotecnologia;16673;Cultius Cel·lulars;2;Normal;6;Obligatòria;NO ESTÀNDARD;Grup Classe;11;Metacurs 13120;65;65;40;65;200;S;2;Torn Matí;Català;Presencial;0;;Manual;0;;0;0;;;;;;;;;;;;;;;;;;;;;;;
27_16673_1101;6;Facultat de Ciències, Tecnologia i Enginyeries;27;Biotecnologia;16673;Cultius Cel·lulars;2;Normal;6;Obligatòria;NO ESTÀNDARD;Laboratori / Taller;1101;Metacurs 13120;0;8;40;8;40;S;2;Torn Matí;Català;Presencial;0;;Manual;0;;0;0;;;;;;;;;;;;;;;;;;;;;;;
27_16673_1102;6;Facultat de Ciències, Tecnologia i Enginyeries;27;Biotecnologia;16673;Cultius Cel·lulars;2;Normal;6;Obligatòria;NO ESTÀNDARD;Laboratori / Taller;1102;Metacurs 13120;0;8;40;8;40;S;2;Torn Matí;Català;Presencial;0;;Manual;0;;0;0;;;;;;;;;;;;;;;;;;;;;;;
27_16673_1103;6;Facultat de Ciències, Tecnologia i Enginyeries;27;Biotecnologia;16673;Cultius Cel·lulars;2;Normal;6;Obligatòria;NO ESTÀNDARD;Laboratori / Taller;1103;Metacurs 13120;0;8;40;8;40;S;2;Torn Matí;Català;Presencial;0;;Manual;0;;0;0;;;;;;;;;;;;;;;;;;;;;;;
27_16673_1104;6;Facultat de Ciències, Tecnologia i Enginyeries;27;Biotecnologia;16673;Cultius Cel·lulars;2;Normal;6;Obligatòria;NO ESTÀNDARD;Laboratori / Taller;1104;Metacurs 13120;0;8;40;8;40;S;2;Torn Matí;Català;Presencial;0;;Manual;0;;0;0;;;;;;;;;;;;;;;;;;;;;;;
27_16673_1105;6;Facultat de Ciències, Tecnologia i Enginyeries;27;Biotecnologia;16673;Cultius Cel·lulars;2;Normal;6;Obligatòria;NO ESTÀNDARD;Laboratori / Taller;1105;Metacurs 13120;0;8;40;8;40;S;2;Torn Matí;Català;Presencial;0;;Manual;0;;0;0;;;;;;;;;;;;;;;;;;;;;;;
27_16673_1106;6;Facultat de Ciències, Tecnologia i Enginyeries;27;Biotecnologia;16673;Cultius Cel·lulars;2;Normal;6;Obligatòria;NO ESTÀNDARD;Laboratori / Taller;1106;Metacurs 13120;0;8;40;8;40;S;2;Torn Matí;Català;Presencial;0;;Manual;0;;0;0;;;;;;;;;;;;;;;;;;;;;;;
27_16673_1107;6;Facultat de Ciències, Tecnologia i Enginyeries;27;Biotecnologia;16673;Cultius Cel·lulars;2;Normal;6;Obligatòria;NO ESTÀNDARD;Laboratori / Taller;1107;Metacurs 13120;0;8;40;8;40;S;2;Torn Matí;Català;Presencial;0;;Manual;0;;0;0;;;;;;;;;;;;;;;;;;;;;;;
27_16673_1108;6;Facultat de Ciències, Tecnologia i Enginyeries;27;Biotecnologia;16673;Cultius Cel·lulars;2;Normal;6;Obligatòria;NO ESTÀNDARD;Laboratori / Taller;1108;Metacurs 13120;0;8;40;8;40;S;2;Torn Matí;Català;Presencial;0;;Manual;0;;0;0;;;;;;;;;;;;;;;;;;;;;;;
27_16674_11;6;Facultat de Ciències, Tecnologia i Enginyeries;27;Biotecnologia;16674;Introducció a la Fisiologia;  ;Normal;3;Obligatòria;ESTÀNDARD;Grup Classe;11; ;74;75;40;75;120;S;2;Torn Matí;Català;Presencial;0;;Manual;0;;0;0;;;;;;;;;;;;;;;;;;;;;;;
27_16675_11;6;Facultat de Ciències, Tecnologia i Enginyeries;27;Biotecnologia;16675;Enginyeria Genètica ;3;Normal;6;Obligatòria;ESTÀNDARD;Grup Classe en anglès;11; ;67;68;45;68;240;S;1;Torn Matí;Anglès;Presencial;0;1001,1002,1003,1009;Manual;0;;0;0;;;;;;;;;;;;;;;;;;;;;;;
25_16677_15;6;Facultat de Ciències, Tecnologia i Enginyeries;25;Enginyeria Mecatrònica;16677;Instrumentació Electrònica;3;Normal;6;Obligatòria;NO ESTÀNDARD;Grup Classe;15; ;28;45;20;45;160;S;1;Torn Tarda;Català;Presencial;0;;Manual;0;;0;0;;;;;;;;;;;;;;;;;;;;;;;
25_16677_1501;6;Facultat de Ciències, Tecnologia i Enginyeries;25;Enginyeria Mecatrònica;16677;Instrumentació Electrònica;3;Normal;6;Obligatòria;NO ESTÀNDARD;Laboratori / Taller;1501; ;0;24;20;24;80;S;1;Torn Tarda;Català;Presencial;0;;Manual;0;;0;0;;;;;;;;;;;;;;;;;;;;;;;
25_16677_1502;6;Facultat de Ciències, Tecnologia i Enginyeries;25;Enginyeria Mecatrònica;16677;Instrumentació Electrònica;3;Normal;6;Obligatòria;NO ESTÀNDARD;Laboratori / Taller;1502; ;0;24;20;24;80;S;1;Torn Tarda;Català;Presencial;0;;Manual;0;;0;0;;;;;;;;;;;;;;;;;;;;;;;
25_16678_15;6;Facultat de Ciències, Tecnologia i Enginyeries;25;Enginyeria Mecatrònica;16678;Competències de Comunicació en Enginyeria;1;Normal;6;Formació bàsica;NO ESTÀNDARD;Grup Classe;15; ;64;72;35;72;120;S;1;Torn Tarda;Anglès;Presencial;0;1001,1002,1003,1009;Manual;0;;0;0;;;;;;;;;;;;;;;;;;;;;;;
25_16678_1501;6;Facultat de Ciències, Tecnologia i Enginyeries;25;Enginyeria Mecatrònica;16678;Competències de Comunicació en Enginyeria;1;Normal;6;Formació bàsica;NO ESTÀNDARD;Laboratori / Taller;1501; ;0;24;35;24;120;S;1;Torn Tarda;Anglès;Presencial;0;;Manual;0;;0;0;;;;;;;;;;;;;;;;;;;;;;;
25_16678_1502;6;Facultat de Ciències, Tecnologia i Enginyeries;25;Enginyeria Mecatrònica;16678;Competències de Comunicació en Enginyeria;1;Normal;6;Formació bàsica;NO ESTÀNDARD;Laboratori / Taller;1502; ;0;24;35;24;120;S;1;Torn Tarda;Anglès;Presencial;0;;Manual;0;;0;0;;;;;;;;;;;;;;;;;;;;;;;
25_16678_1503;6;Facultat de Ciències, Tecnologia i Enginyeries;25;Enginyeria Mecatrònica;16678;Competències de Comunicació en Enginyeria;1;Normal;6;Formació bàsica;NO ESTÀNDARD;Laboratori / Taller;1503; ;0;24;35;24;120;S;1;Torn Tarda;Anglès;Presencial;0;;Manual;0;;0;0;;;;;;;;;;;;;;;;;;;;;;;
25_16679_15;6;Facultat de Ciències, Tecnologia i Enginyeries;25;Enginyeria Mecatrònica;16679;Programació I;1;Normal;6;Formació bàsica;NO ESTÀNDARD;Grup Classe;15; ;70;75;35;75;160;S;1;Torn Tarda;Català;Presencial;0;;Manual;0;;0;0;;;;;;;;;;;;;;;;;;;;;;;
25_16679_1501;6;Facultat de Ciències, Tecnologia i Enginyeries;25;Enginyeria Mecatrònica;16679;Programació I;1;Normal;6;Formació bàsica;NO ESTÀNDARD;Laboratori / Taller;1501; ;0;24;35;24;80;S;1;Torn Tarda;Català;Presencial;0;;Manual;0;;0;0;;;;;;;;;;;;;;;;;;;;;;;
25_16679_1502;6;Facultat de Ciències, Tecnologia i Enginyeries;25;Enginyeria Mecatrònica;16679;Programació I;1;Normal;6;Formació bàsica;NO ESTÀNDARD;Laboratori / Taller;1502; ;0;24;35;24;80;S;1;Torn Tarda;Català;Presencial;0;;Manual;0;;0;0;;;;;;;;;;;;;;;;;;;;;;;
25_16679_1503;6;Facultat de Ciències, Tecnologia i Enginyeries;25;Enginyeria Mecatrònica;16679;Programació I;1;Normal;6;Formació bàsica;NO ESTÀNDARD;Laboratori / Taller;1503; ;0;24;35;24;80;S;1;Torn Tarda;Català;Presencial;0;;Manual;0;;0;0;;;;;;;;;;;;;;;;;;;;;;;
25_16680_15;6;Facultat de Ciències, Tecnologia i Enginyeries;25;Enginyeria Mecatrònica;16680;Programació II;1;Normal;6;Obligatòria;NO ESTÀNDARD;Grup Classe;15; ;67;70;35;70;160;S;2;Torn Tarda;Català;Presencial;0;;Manual;0;;0;0;;;;;;;;;;;;;;;;;;;;;;;
25_16680_1501;6;Facultat de Ciències, Tecnologia i Enginyeries;25;Enginyeria Mecatrònica;16680;Programació II;1;Normal;6;Obligatòria;NO ESTÀNDARD;Laboratori / Taller;1501; ;0;24;35;24;80;S;2;Torn Tarda;Català;Presencial;0;;Manual;0;;0;0;;;;;;;;;;;;;;;;;;;;;;;
25_16680_1502;6;Facultat de Ciències, Tecnologia i Enginyeries;25;Enginyeria Mecatrònica;16680;Programació II;1;Normal;6;Obligatòria;NO ESTÀNDARD;Laboratori / Taller;1502; ;0;24;35;24;80;S;2;Torn Tarda;Català;Presencial;0;;Manual;0;;0;0;;;;;;;;;;;;;;;;;;;;;;;
25_16680_1503;6;Facultat de Ciències, Tecnologia i Enginyeries;25;Enginyeria Mecatrònica;16680;Programació II;1;Normal;6;Obligatòria;NO ESTÀNDARD;Laboratori / Taller;1503; ;0;24;35;24;80;S;2;Torn Tarda;Català;Presencial;0;;Manual;0;;0;0;;;;;;;;;;;;;;;;;;;;;;;
25_16681_15;6;Facultat de Ciències, Tecnologia i Enginyeries;25;Enginyeria Mecatrònica;16681;Robòtica Industrial;3;Normal;6;Obligatòria;NO ESTÀNDARD;Grup Classe;15; ;28;45;20;45;120;S;2;Torn Tarda;Català;Presencial;0;;Manual;0;;0;0;;;;;;;;;;;;;;;;;;;;;;;
25_16681_1501;6;Facultat de Ciències, Tecnologia i Enginyeries;25;Enginyeria Mecatrònica;16681;Robòtica Industrial;3;Normal;6;Obligatòria;NO ESTÀNDARD;Laboratori / Taller;1501; ;0;24;20;24;120;S;2;Torn Tarda;Català;Presencial;0;;Manual;0;;0;0;;;;;;;;;;;;;;;;;;;;;;;
25_16681_1502;6;Facultat de Ciències, Tecnologia i Enginyeries;25;Enginyeria Mecatrònica;16681;Robòtica Industrial;3;Normal;6;Obligatòria;NO ESTÀNDARD;Laboratori / Taller;1502; ;0;24;20;24;120;S;2;Torn Tarda;Català;Presencial;0;;Manual;0;;0;0;;;;;;;;;;;;;;;;;;;;;;;
25_16682_15;6;Facultat de Ciències, Tecnologia i Enginyeries;25;Enginyeria Mecatrònica;16682;Robòtica Mòbil;4;Normal;6;Obligatòria;NO ESTÀNDARD;Grup Classe;15; ;23;45;20;45;120;S;1;Torn Tarda;Català;Presencial;0;;Manual;0;;0;0;;;;;;;;;;;;;;;;;;;;;;;
25_16682_1501;6;Facultat de Ciències, Tecnologia i Enginyeries;25;Enginyeria Mecatrònica;16682;Robòtica Mòbil;4;Normal;6;Obligatòria;NO ESTÀNDARD;Laboratori / Taller;1501; ;0;20;20;20;120;S;1;Torn Tarda;Català;Presencial;0;;Manual;0;;0;0;;;;;;;;;;;;;;;;;;;;;;;
25_16683_15;6;Facultat de Ciències, Tecnologia i Enginyeries;25;Enginyeria Mecatrònica;16683;Enginyeria de Processos de Fabricació;3;Normal;6;Obligatòria;NO ESTÀNDARD;Grup Classe en anglès;15; ;24;45;20;45;200;S;2;Torn Tarda;Anglès;Presencial;0;1001,1002,1003,1009;Manual;0;;0;0;;;;;;;;;;;;;;;;;;;;;;;
25_16683_1501;6;Facultat de Ciències, Tecnologia i Enginyeries;25;Enginyeria Mecatrònica;16683;Enginyeria de Processos de Fabricació;3;Normal;6;Obligatòria;NO ESTÀNDARD;Laboratori / Taller;1501; ;0;12;20;12;40;S;2;Torn Tarda;Anglès;Presencial;0;;Manual;0;;0;0;;;;;;;;;;;;;;;;;;;;;;;
25_16683_1502;6;Facultat de Ciències, Tecnologia i Enginyeries;25;Enginyeria Mecatrònica;16683;Enginyeria de Processos de Fabricació;3;Normal;6;Obligatòria;NO ESTÀNDARD;Laboratori / Taller;1502; ;0;12;20;12;40;S;2;Torn Tarda;Anglès;Presencial;0;;Manual;0;;0;0;;;;;;;;;;;;;;;;;;;;;;;
25_16684_15;6;Facultat de Ciències, Tecnologia i Enginyeries;25;Enginyeria Mecatrònica;16684;Fabricació Avançada;4;Normal;6;Optativa;NO ESTÀNDARD;Grup Classe en anglès;15; ;12;25;0;25;120;S;2;Torn Tarda;Anglès;Presencial;0;1001,1002,1003,1009;Manual;0;;0;0;;;;;;;;;;;;;;;;;;;;;;;
25_16684_1501;6;Facultat de Ciències, Tecnologia i Enginyeries;25;Enginyeria Mecatrònica;16684;Fabricació Avançada;4;Normal;6;Optativa;NO ESTÀNDARD;Laboratori / Taller;1501; ;0;12;0;12;120;S;2;Torn Tarda;Anglès;Presencial;0;;Manual;0;;0;0;;;;;;;;;;;;;;;;;;;;;;;
25_16685_15;6;Facultat de Ciències, Tecnologia i Enginyeries;25;Enginyeria Mecatrònica;16685;Bases de Dades;4;Normal;6;Optativa;ESTÀNDARD;Grup Classe;15; ;7;10;5;10;0;S;2;Torn Matí;Català;Presencial;0;;Manual;0;104_15835_15;0;0;;;;;;;;;;;;;;;;;;;;;;;
107_16956_51;6;Facultat de Ciències, Tecnologia i Enginyeries;107;Enginyeria de l'Automoció;16956;Realitat Virtual i Realitat Augmentada en la Indústria de l'Automoció;4;Normal;3;Optativa;ESTÀNDARD;Grup Classe en anglès;51; ;23;25;20;25;120;S;2;Torn Matí;Anglès;Presencial;0;1001,1002,1003,1009;Manual;0;;0;0;;;;;;;;;;;;;;;;;;;;;;;
107_16957_51;6;Facultat de Ciències, Tecnologia i Enginyeries;107;Enginyeria de l'Automoció;16957;Disseny de Superfícies per a l'Automoció ;4;Normal;3;Optativa;ESTÀNDARD;Grup Classe en anglès;51; ;23;40;30;40;120;S;2;Torn Matí;Anglès;Presencial;0;1001,1002,1003,1009;Manual;0;;0;0;;;;;;;;;;;;;;;;;;;;;;;
104_16958_15;6;Facultat de Ciències, Tecnologia i Enginyeries;104;Multimèdia. Aplicacions i Videojocs;16958;Gamificació;4;Normal;3;Optativa;ESTÀNDARD;Grup Classe;15; ;9;25;20;25;120;S;2;Torn Matí;Català;Presencial;0;;Manual;0;;0;0;;;;;;;;;;;;;;;;;;;;;;;
104_16959_15;6;Facultat de Ciències, Tecnologia i Enginyeries;104;Multimèdia. Aplicacions i Videojocs;16959;Realitat Virtual i Augmentada;4;Normal;6;Optativa;NO ESTÀNDARD;Grup Classe;15; ;7;20;20;20;120;S;1;Torn Matí;Català;Presencial;0;;Manual;0;;0;0;;;;;;;;;;;;;;;;;;;;;;;
104_16959_1501;6;Facultat de Ciències, Tecnologia i Enginyeries;104;Multimèdia. Aplicacions i Videojocs;16959;Realitat Virtual i Augmentada;4;Normal;6;Optativa;NO ESTÀNDARD;Laboratori / Taller;1501; ;0;20;20;20;120;S;1;Torn Matí;Català;Presencial;0;;Manual;0;;0;0;;;;;;;;;;;;;;;;;;;;;;;
104_16961_15;6;Facultat de Ciències, Tecnologia i Enginyeries;104;Multimèdia. Aplicacions i Videojocs;16961;Animació Avançada;4;Normal;6;Optativa;NO ESTÀNDARD;Grup Classe;15; ;8;20;20;20;120;S;2;Torn Matí;Català;Presencial;0;;Manual;0;;0;0;;;;;;;;;;;;;;;;;;;;;;;
104_16961_1501;6;Facultat de Ciències, Tecnologia i Enginyeries;104;Multimèdia. Aplicacions i Videojocs;16961;Animació Avançada;4;Normal;6;Optativa;NO ESTÀNDARD;Laboratori / Taller;1501; ;0;20;20;20;120;S;2;Torn Matí;Català;Presencial;0;;Manual;0;;0;0;;;;;;;;;;;;;;;;;;;;;;;
45_16962_1;6;Facultat de Ciències, Tecnologia i Enginyeries;45;Anàlisi de Dades Òmiques / Omics Data Analysis;16962;Bioinformàtica ;1;Normal;8;Obligatòria;ESTÀNDARD;Docència Fora dedicació;1; ;0;0;30;0;320;A;0;Torn Matí;Anglès; ;0;;Manual;0;;0;0;;;;;;;;;;;;;;;;;;;;;;;
45_16962_55;6;Facultat de Ciències, Tecnologia i Enginyeries;45;Anàlisi de Dades Òmiques / Omics Data Analysis;16962;Bioinformàtica ;1;Normal;8;Obligatòria;ESTÀNDARD;Grup Classe;55; ;6;15;30;15;320;A;0;Torn Tarda;Anglès;Presencial;0;;Manual;0;;1;13;45_16962_59;;;;;;;;;;;;;;;;;;;;;;
45_16962_59;6;Facultat de Ciències, Tecnologia i Enginyeries;45;Anàlisi de Dades Òmiques / Omics Data Analysis;16962;Bioinformàtica ;1;Normal;8;Obligatòria;ESTÀNDARD;Grup Classe;59; ;13;22;30;22;320;A;0;Torn Mixt;Anglès;Online;0;;Manual;0;45_16962_55;0;0;;;;;;;;;;;;;;;;;;;;;;;
45_16963_1;6;Facultat de Ciències, Tecnologia i Enginyeries;45;Anàlisi de Dades Òmiques / Omics Data Analysis;16963;Aplicacions ;1;Normal;6;Obligatòria;ESTÀNDARD;Docència Fora dedicació;1; ;0;0;30;0;240;A;0;Torn Matí;Anglès; ;0;;Manual;0;;0;0;;;;;;;;;;;;;;;;;;;;;;;
45_16963_55;6;Facultat de Ciències, Tecnologia i Enginyeries;45;Anàlisi de Dades Òmiques / Omics Data Analysis;16963;Aplicacions ;1;Normal;6;Obligatòria;ESTÀNDARD;Grup Classe;55; ;6;15;30;15;240;A;0;Torn Tarda;Anglès;Presencial;0;;Manual;0;;1;13;45_16963_59;;;;;;;;;;;;;;;;;;;;;;
45_16963_59;6;Facultat de Ciències, Tecnologia i Enginyeries;45;Anàlisi de Dades Òmiques / Omics Data Analysis;16963;Aplicacions ;1;Normal;6;Obligatòria;ESTÀNDARD;Grup Classe;59; ;13;22;30;22;240;A;0;Torn Mixt;Anglès;Online;0;;Manual;0;45_16963_55;0;0;;;;;;;;;;;;;;;;;;;;;;;
92_17201_11;6;Facultat de Ciències, Tecnologia i Enginyeries;92;Biomedicina;17201;Química;1;Normal;6;Formació bàsica;NO ESTÀNDARD;Grup Classe;11; ;71;73;50;73;180;S;1;Torn Matí;Català;Presencial;0;;Manual;0;;0;0;;;;;;;;;;;;;;;;;;;;;;;
92_17201_1101;6;Facultat de Ciències, Tecnologia i Enginyeries;92;Biomedicina;17201;Química;1;Normal;6;Formació bàsica;NO ESTÀNDARD;Laboratori / Taller;1101; ;0;30;50;30;60;S;1;Torn Matí;Català;Presencial;0;;Manual;0;;0;0;;;;;;;;;;;;;;;;;;;;;;;
92_17201_1102;6;Facultat de Ciències, Tecnologia i Enginyeries;92;Biomedicina;17201;Química;1;Normal;6;Formació bàsica;NO ESTÀNDARD;Laboratori / Taller;1102; ;0;30;50;30;60;S;1;Torn Matí;Català;Presencial;0;;Manual;0;;0;0;;;;;;;;;;;;;;;;;;;;;;;
92_17202_11;6;Facultat de Ciències, Tecnologia i Enginyeries;92;Biomedicina;17202;Biofísica;1;Normal;6;Formació bàsica;NO ESTÀNDARD;Grup Classe;11; ;64;70;50;70;180;S;2;Torn Matí;Català;Presencial;0;;Manual;0;;0;0;;;;;;;;;;;;;;;;;;;;;;;
92_17202_1101;6;Facultat de Ciències, Tecnologia i Enginyeries;92;Biomedicina;17202;Biofísica;1;Normal;6;Formació bàsica;NO ESTÀNDARD;Laboratori / Taller;1101; ;0;30;50;30;60;S;2;Torn Matí;Català;Presencial;0;;Manual;0;;0;0;;;;;;;;;;;;;;;;;;;;;;;
92_17202_1102;6;Facultat de Ciències, Tecnologia i Enginyeries;92;Biomedicina;17202;Biofísica;1;Normal;6;Formació bàsica;NO ESTÀNDARD;Laboratori / Taller;1102; ;0;30;50;30;60;S;2;Torn Matí;Català;Presencial;0;;Manual;0;;0;0;;;;;;;;;;;;;;;;;;;;;;;
92_17203_11;6;Facultat de Ciències, Tecnologia i Enginyeries;92;Biomedicina;17203;Laboratori de Bioquímica i Biologia;1;Normal;6;Formació bàsica;NO ESTÀNDARD;Grup Classe;11; ;56;65;50;65;40;S;2;Torn Matí;Català;Presencial;0;;Manual;0;;0;0;;;;;;;;;;;;;;;;;;;;;;;
92_17203_1101;6;Facultat de Ciències, Tecnologia i Enginyeries;92;Biomedicina;17203;Laboratori de Bioquímica i Biologia;1;Normal;6;Formació bàsica;NO ESTÀNDARD;Laboratori / Taller;1101; ;0;16;50;16;200;S;2;Torn Matí;Català;Presencial;0;;Manual;0;;0;0;;;;;;;;;;;;;;;;;;;;;;;
92_17203_1102;6;Facultat de Ciències, Tecnologia i Enginyeries;92;Biomedicina;17203;Laboratori de Bioquímica i Biologia;1;Normal;6;Formació bàsica;NO ESTÀNDARD;Laboratori / Taller;1102; ;0;16;50;16;200;S;2;Torn Matí;Català;Presencial;0;;Manual;0;;0;0;;;;;;;;;;;;;;;;;;;;;;;
92_17203_1103;6;Facultat de Ciències, Tecnologia i Enginyeries;92;Biomedicina;17203;Laboratori de Bioquímica i Biologia;1;Normal;6;Formació bàsica;NO ESTÀNDARD;Laboratori / Taller;1103; ;0;16;50;16;200;S;2;Torn Matí;Català;Presencial;0;;Manual;0;;0;0;;;;;;;;;;;;;;;;;;;;;;;
92_17203_1104;6;Facultat de Ciències, Tecnologia i Enginyeries;92;Biomedicina;17203;Laboratori de Bioquímica i Biologia;1;Normal;6;Formació bàsica;NO ESTÀNDARD;Laboratori / Taller;1104; ;0;16;50;16;200;S;2;Torn Matí;Català;Presencial;0;;Manual;0;;0;0;;;;;;;;;;;;;;;;;;;;;;;
92_17204_11;6;Facultat de Ciències, Tecnologia i Enginyeries;92;Biomedicina;17204;Laboratori de Química i Tècniques Instrumentals;1;Normal;6;Formació bàsica;NO ESTÀNDARD;Grup Classe;11; ;58;65;50;65;40;S;1;Torn Matí;Català;Presencial;0;;Manual;0;;0;0;;;;;;;;;;;;;;;;;;;;;;;
92_17204_1101;6;Facultat de Ciències, Tecnologia i Enginyeries;92;Biomedicina;17204;Laboratori de Química i Tècniques Instrumentals;1;Normal;6;Formació bàsica;NO ESTÀNDARD;Laboratori / Taller;1101; ;0;16;50;16;200;S;1;Torn Matí;Català;Presencial;0;;Manual;0;;0;0;;;;;;;;;;;;;;;;;;;;;;;
92_17204_1102;6;Facultat de Ciències, Tecnologia i Enginyeries;92;Biomedicina;17204;Laboratori de Química i Tècniques Instrumentals;1;Normal;6;Formació bàsica;NO ESTÀNDARD;Laboratori / Taller;1102; ;0;16;50;16;200;S;1;Torn Matí;Català;Presencial;0;;Manual;0;;0;0;;;;;;;;;;;;;;;;;;;;;;;
92_17204_1103;6;Facultat de Ciències, Tecnologia i Enginyeries;92;Biomedicina;17204;Laboratori de Química i Tècniques Instrumentals;1;Normal;6;Formació bàsica;NO ESTÀNDARD;Laboratori / Taller;1103; ;0;16;50;16;200;S;1;Torn Matí;Català;Presencial;0;;Manual;0;;0;0;;;;;;;;;;;;;;;;;;;;;;;
92_17204_1104;6;Facultat de Ciències, Tecnologia i Enginyeries;92;Biomedicina;17204;Laboratori de Química i Tècniques Instrumentals;1;Normal;6;Formació bàsica;NO ESTÀNDARD;Laboratori / Taller;1104; ;0;16;50;16;200;S;1;Torn Matí;Català;Presencial;0;;Manual;0;;0;0;;;;;;;;;;;;;;;;;;;;;;;
92_17205_11;6;Facultat de Ciències, Tecnologia i Enginyeries;92;Biomedicina;17205;Genètica Humana;1;Normal;6;Formació bàsica;ESTÀNDARD;Grup Classe;11; ;62;70;50;70;240;S;1;Torn Matí;Català;Presencial;0;;Manual;0;;0;0;;;;;;;;;;;;;;;;;;;;;;;
92_17206_11;6;Facultat de Ciències, Tecnologia i Enginyeries;92;Biomedicina;17206;Biologia Cel·lular i Tissular;1;Normal;6;Formació bàsica;ESTÀNDARD;Grup Classe;11; ;68;70;50;70;240;S;1;Torn Matí;Català;Presencial;0;;Manual;0;;0;0;;;;;;;;;;;;;;;;;;;;;;;
92_17207_11;6;Facultat de Ciències, Tecnologia i Enginyeries;92;Biomedicina;17207;Bioquímica;1;Normal;6;Formació bàsica;ESTÀNDARD;Grup Classe;11; ;63;70;50;70;240;S;2;Torn Matí;Català;Presencial;0;;Manual;0;;0;0;;;;;;;;;;;;;;;;;;;;;;;
92_17208_11;6;Facultat de Ciències, Tecnologia i Enginyeries;92;Biomedicina;17208;Genètica Molecular;1;Normal;6;Formació bàsica;ESTÀNDARD;Grup Classe en anglès;11; ;66;70;50;70;240;S;2;Torn Matí;Anglès;Presencial;0;1001,1002,1003,1009;Manual;0;;0;0;;;;;;;;;;;;;;;;;;;;;;;
92_17209_11;6;Facultat de Ciències, Tecnologia i Enginyeries;92;Biomedicina;17209;Microbiologia;2;Normal;6;Formació bàsica;NO ESTÀNDARD;Grup Classe;11; ;44;65;0;65;180;S;1;Torn Matí;Català;Presencial;0;;Manual;0;;0;0;;;;;;;;;;;;;;;;;;;;;;;
92_17209_1101;6;Facultat de Ciències, Tecnologia i Enginyeries;92;Biomedicina;17209;Microbiologia;2;Normal;6;Formació bàsica;NO ESTÀNDARD;Laboratori / Taller;1101; ;0;16;0;16;60;S;1;Torn Matí;Català;Presencial;0;;Manual;0;;0;0;;;;;;;;;;;;;;;;;;;;;;;
92_17209_1102;6;Facultat de Ciències, Tecnologia i Enginyeries;92;Biomedicina;17209;Microbiologia;2;Normal;6;Formació bàsica;NO ESTÀNDARD;Laboratori / Taller;1102; ;0;16;0;16;60;S;1;Torn Matí;Català;Presencial;0;;Manual;0;;0;0;;;;;;;;;;;;;;;;;;;;;;;
92_17209_1103;6;Facultat de Ciències, Tecnologia i Enginyeries;92;Biomedicina;17209;Microbiologia;2;Normal;6;Formació bàsica;NO ESTÀNDARD;Laboratori / Taller;1103; ;0;16;0;16;60;S;1;Torn Matí;Català;Presencial;0;;Manual;0;;0;0;;;;;;;;;;;;;;;;;;;;;;;
92_17210_11;6;Facultat de Ciències, Tecnologia i Enginyeries;92;Biomedicina;17210;Fisiologia i Anatomia Humana I;2;Normal;6;Formació bàsica;NO ESTÀNDARD;Grup Classe;11; ;50;65;0;65;200;S;1;Torn Matí;Català;Presencial;0;;Manual;0;;0;0;;;;;;;;;;;;;;;;;;;;;;;
92_17210_1101;6;Facultat de Ciències, Tecnologia i Enginyeries;92;Biomedicina;17210;Fisiologia i Anatomia Humana I;2;Normal;6;Formació bàsica;NO ESTÀNDARD;Laboratori / Taller;1101; ;0;16;0;16;40;S;1;Torn Matí;Català;Presencial;0;;Manual;0;;0;0;;;;;;;;;;;;;;;;;;;;;;;
92_17210_1102;6;Facultat de Ciències, Tecnologia i Enginyeries;92;Biomedicina;17210;Fisiologia i Anatomia Humana I;2;Normal;6;Formació bàsica;NO ESTÀNDARD;Laboratori / Taller;1102; ;0;16;0;16;40;S;1;Torn Matí;Català;Presencial;0;;Manual;0;;0;0;;;;;;;;;;;;;;;;;;;;;;;
92_17210_1103;6;Facultat de Ciències, Tecnologia i Enginyeries;92;Biomedicina;17210;Fisiologia i Anatomia Humana I;2;Normal;6;Formació bàsica;NO ESTÀNDARD;Laboratori / Taller;1103; ;0;16;0;16;40;S;1;Torn Matí;Català;Presencial;0;;Manual;0;;0;0;;;;;;;;;;;;;;;;;;;;;;;
92_17211_11;6;Facultat de Ciències, Tecnologia i Enginyeries;92;Biomedicina;17211;Fisiologia i Anatomia Humana II;2;Normal;6;Formació bàsica;NO ESTÀNDARD;Grup Classe;11; ;49;65;0;65;200;S;2;Torn Matí;Català;Presencial;0;;Manual;0;;0;0;;;;;;;;;;;;;;;;;;;;;;;
92_17211_1101;6;Facultat de Ciències, Tecnologia i Enginyeries;92;Biomedicina;17211;Fisiologia i Anatomia Humana II;2;Normal;6;Formació bàsica;NO ESTÀNDARD;Laboratori / Taller;1101; ;0;16;0;16;40;S;2;Torn Matí;Català;Presencial;0;;Manual;0;;0;0;;;;;;;;;;;;;;;;;;;;;;;
92_17211_1102;6;Facultat de Ciències, Tecnologia i Enginyeries;92;Biomedicina;17211;Fisiologia i Anatomia Humana II;2;Normal;6;Formació bàsica;NO ESTÀNDARD;Laboratori / Taller;1102; ;0;16;0;16;40;S;2;Torn Matí;Català;Presencial;0;;Manual;0;;0;0;;;;;;;;;;;;;;;;;;;;;;;
92_17211_1103;6;Facultat de Ciències, Tecnologia i Enginyeries;92;Biomedicina;17211;Fisiologia i Anatomia Humana II;2;Normal;6;Formació bàsica;NO ESTÀNDARD;Laboratori / Taller;1103; ;0;16;0;16;40;S;2;Torn Matí;Català;Presencial;0;;Manual;0;;0;0;;;;;;;;;;;;;;;;;;;;;;;
92_17212_11;6;Facultat de Ciències, Tecnologia i Enginyeries;92;Biomedicina;17212;Regulació del Metabolisme;  ;Normal;6;Obligatòria;ESTÀNDARD;Grup Classe;11; ;3;65;0;65;240;S;1;Torn Matí;Català;Presencial;0;;Manual;0;;0;0;;;;;;;;;;;;;;;;;;;;;;;
92_17213_11;6;Facultat de Ciències, Tecnologia i Enginyeries;92;Biomedicina;17213;Senyalització Cel·lular i Regulació Gènica;2;Normal;6;Obligatòria;ESTÀNDARD;Grup Classe;11; ;52;65;0;65;240;S;1;Torn Matí;Català;Presencial;0;;Manual;0;;0;0;;;;;;;;;;;;;;;;;;;;;;;
92_17214_11;6;Facultat de Ciències, Tecnologia i Enginyeries;92;Biomedicina;17214;Biologia del Desenvolupament;3;Normal;3;Obligatòria;ESTÀNDARD;Grup Classe;11; ;42;65;0;65;120;S;1;Torn Matí;Català;Presencial;0;;Manual;0;;0;0;;;;;;;;;;;;;;;;;;;;;;;
92_17215_11;6;Facultat de Ciències, Tecnologia i Enginyeries;92;Biomedicina;17215;Immunologia;  ;Normal;6;Obligatòria;ESTÀNDARD;Grup Classe;11; ;35;70;0;70;240;S;2;Torn Matí;Català;Presencial;0;;Manual;0;;0;0;;;;;;;;;;;;;;;;;;;;;;;
92_17215_12;6;Facultat de Ciències, Tecnologia i Enginyeries;92;Biomedicina;17215;Immunologia;  ;Normal;6;Obligatòria;ESTÀNDARD;Grup Classe;12; ;55;65;0;65;240;S;2;Torn Matí;Català;Presencial;0;;Manual;0;;0;0;;;;;;;;;;;;;;;;;;;;;;;
92_17216_11;6;Facultat de Ciències, Tecnologia i Enginyeries;92;Biomedicina;17216;Virologia;2;Normal;3;Obligatòria;ESTÀNDARD;Grup Classe;11; ;49;65;0;65;120;S;2;Torn Matí;Català;Presencial;0;;Manual;0;;0;0;;;;;;;;;;;;;;;;;;;;;;;
92_17217_11;6;Facultat de Ciències, Tecnologia i Enginyeries;92;Biomedicina;17217;Bases Moleculars i Cel·lulars de les Malalties;3;Normal;6;Obligatòria;ESTÀNDARD;Grup Classe;11; ;44;65;0;65;240;S;1;Torn Matí;Català;Presencial;0;;Manual;0;;0;0;;;;;;;;;;;;;;;;;;;;;;;
92_17218_11;6;Facultat de Ciències, Tecnologia i Enginyeries;92;Biomedicina;17218;Farmacologia i Toxicologia;3;Normal;6;Obligatòria;NO ESTÀNDARD;Grup Classe;11; ;47;65;0;65;180;S;2;Torn Matí;Català;Presencial;0;;Manual;0;;0;0;;;;;;;;;;;;;;;;;;;;;;;
92_17218_1101;6;Facultat de Ciències, Tecnologia i Enginyeries;92;Biomedicina;17218;Farmacologia i Toxicologia;3;Normal;6;Obligatòria;NO ESTÀNDARD;Laboratori / Taller;1101; ;0;16;0;16;60;S;2;Torn Matí;Català;Presencial;0;;Manual;0;;0;0;;;;;;;;;;;;;;;;;;;;;;;
92_17218_1102;6;Facultat de Ciències, Tecnologia i Enginyeries;92;Biomedicina;17218;Farmacologia i Toxicologia;3;Normal;6;Obligatòria;NO ESTÀNDARD;Laboratori / Taller;1102; ;0;16;0;16;60;S;2;Torn Matí;Català;Presencial;0;;Manual;0;;0;0;;;;;;;;;;;;;;;;;;;;;;;
92_17218_1103;6;Facultat de Ciències, Tecnologia i Enginyeries;92;Biomedicina;17218;Farmacologia i Toxicologia;3;Normal;6;Obligatòria;NO ESTÀNDARD;Laboratori / Taller;1103; ;0;16;0;16;60;S;2;Torn Matí;Català;Presencial;0;;Manual;0;;0;0;;;;;;;;;;;;;;;;;;;;;;;
92_17219_11;6;Facultat de Ciències, Tecnologia i Enginyeries;92;Biomedicina;17219;Neurobiologia i Malalties del Sistema Nerviós Central;3;Normal;3;Obligatòria;NO ESTÀNDARD;Grup Classe;11; ;41;65;0;65;80;S;2;Torn Matí;Català;Presencial;0;;Manual;0;;0;0;;;;;;;;;;;;;;;;;;;;;;;
92_17219_1101;6;Facultat de Ciències, Tecnologia i Enginyeries;92;Biomedicina;17219;Neurobiologia i Malalties del Sistema Nerviós Central;3;Normal;3;Obligatòria;NO ESTÀNDARD;Laboratori / Taller;1101; ;0;25;0;25;40;S;2;Torn Matí;Català;Presencial;0;;Manual;0;;0;0;;;;;;;;;;;;;;;;;;;;;;;
92_17219_1102;6;Facultat de Ciències, Tecnologia i Enginyeries;92;Biomedicina;17219;Neurobiologia i Malalties del Sistema Nerviós Central;3;Normal;3;Obligatòria;NO ESTÀNDARD;Laboratori / Taller;1102; ;0;25;0;25;40;S;2;Torn Matí;Català;Presencial;0;;Manual;0;;0;0;;;;;;;;;;;;;;;;;;;;;;;
92_17220_11;6;Facultat de Ciències, Tecnologia i Enginyeries;92;Biomedicina;17220;Malalties del Sistema Endocrí;3;Normal;3;Obligatòria;NO ESTÀNDARD;Grup Classe;11; ;43;65;0;65;80;S;2;Torn Matí;Català;Presencial;0;;Manual;0;;0;0;;;;;;;;;;;;;;;;;;;;;;;
92_17220_1101;6;Facultat de Ciències, Tecnologia i Enginyeries;92;Biomedicina;17220;Malalties del Sistema Endocrí;3;Normal;3;Obligatòria;NO ESTÀNDARD;Laboratori / Taller;1101; ;0;25;0;25;40;S;2;Torn Matí;Català;Presencial;0;;Manual;0;;0;0;;;;;;;;;;;;;;;;;;;;;;;
92_17220_1102;6;Facultat de Ciències, Tecnologia i Enginyeries;92;Biomedicina;17220;Malalties del Sistema Endocrí;3;Normal;3;Obligatòria;NO ESTÀNDARD;Laboratori / Taller;1102; ;0;25;0;25;40;S;2;Torn Matí;Català;Presencial;0;;Manual;0;;0;0;;;;;;;;;;;;;;;;;;;;;;;
92_17221_11;6;Facultat de Ciències, Tecnologia i Enginyeries;92;Biomedicina;17221;Biologia del Càncer;4;Normal;6;Obligatòria;NO ESTÀNDARD;Grup Classe en anglès;11; ;42;65;0;65;180;S;1;Torn Matí;Anglès;Presencial;0;;Manual;0;;0;0;;;;;;;;;;;;;;;;;;;;;;;
92_17221_1101;6;Facultat de Ciències, Tecnologia i Enginyeries;92;Biomedicina;17221;Biologia del Càncer;4;Normal;6;Obligatòria;NO ESTÀNDARD;Laboratori / Taller;1101; ;0;10;0;10;60;S;1;Torn Matí;Anglès;Presencial;0;;Manual;0;;0;0;;;;;;;;;;;;;;;;;;;;;;;
92_17221_1102;6;Facultat de Ciències, Tecnologia i Enginyeries;92;Biomedicina;17221;Biologia del Càncer;4;Normal;6;Obligatòria;NO ESTÀNDARD;Laboratori / Taller;1102; ;0;10;0;10;60;S;1;Torn Matí;Anglès;Presencial;0;;Manual;0;;0;0;;;;;;;;;;;;;;;;;;;;;;;
92_17221_1103;6;Facultat de Ciències, Tecnologia i Enginyeries;92;Biomedicina;17221;Biologia del Càncer;4;Normal;6;Obligatòria;NO ESTÀNDARD;Laboratori / Taller;1103; ;0;10;0;10;60;S;1;Torn Matí;Anglès;Presencial;0;;Manual;0;;0;0;;;;;;;;;;;;;;;;;;;;;;;
92_17221_1104;6;Facultat de Ciències, Tecnologia i Enginyeries;92;Biomedicina;17221;Biologia del Càncer;4;Normal;6;Obligatòria;NO ESTÀNDARD;Laboratori / Taller;1104; ;0;10;0;10;60;S;1;Torn Matí;Anglès;Presencial;0;;Manual;0;;0;0;;;;;;;;;;;;;;;;;;;;;;;
92_17222_11;6;Facultat de Ciències, Tecnologia i Enginyeries;92;Biomedicina;17222;Malalties Cardiovasculars i del Sistema Respiratori;4;Normal;3;Obligatòria;ESTÀNDARD;Grup Classe;11; ;43;65;0;65;120;S;1;Torn Matí;Català;Presencial;0;;Manual;0;;0;0;;;;;;;;;;;;;;;;;;;;;;;
92_17223_11;6;Facultat de Ciències, Tecnologia i Enginyeries;92;Biomedicina;17223;Tecnologies Òmiques;2;Normal;3;Obligatòria;NO ESTÀNDARD;Grup Classe en anglès;11; ;49;65;0;65;100;S;1;Torn Matí;Anglès;Presencial;0;1001,1002,1003,1009;Manual;0;;0;0;;;;;;;;;;;;;;;;;;;;;;;
92_17223_1101;6;Facultat de Ciències, Tecnologia i Enginyeries;92;Biomedicina;17223;Tecnologies Òmiques;2;Normal;3;Obligatòria;NO ESTÀNDARD;Laboratori / Taller;1101; ;0;25;0;25;20;S;1;Torn Matí;Anglès;Presencial;0;1001,1002,1003,1009;Manual;0;;0;0;;;;;;;;;;;;;;;;;;;;;;;
92_17223_1102;6;Facultat de Ciències, Tecnologia i Enginyeries;92;Biomedicina;17223;Tecnologies Òmiques;2;Normal;3;Obligatòria;NO ESTÀNDARD;Laboratori / Taller;1102; ;0;25;0;25;20;S;1;Torn Matí;Anglès;Presencial;0;1001,1002,1003,1009;Manual;0;;0;0;;;;;;;;;;;;;;;;;;;;;;;
92_17224_11;6;Facultat de Ciències, Tecnologia i Enginyeries;92;Biomedicina;17224;Enginyeria Genètica;3;Normal;6;Obligatòria;ESTÀNDARD;Grup Classe;11; ;37;65;0;65;240;S;1;Torn Matí;Català;Presencial;0;;Manual;0;;0;0;;;;;;;;;;;;;;;;;;;;;;;
92_17225_11;6;Facultat de Ciències, Tecnologia i Enginyeries;92;Biomedicina;17225;Tècniques de Diagnòstic per la Imatge;3;Normal;3;Obligatòria;ESTÀNDARD;Grup Classe;11; ;44;65;0;65;120;S;2;Torn Matí;Català;Presencial;0;;Manual;0;;0;0;;;;;;;;;;;;;;;;;;;;;;;
92_17226_11;6;Facultat de Ciències, Tecnologia i Enginyeries;92;Biomedicina;17226;Bioètica;4;Normal;3;Obligatòria;ESTÀNDARD;Grup Classe;11; ;43;65;0;65;120;S;1;Torn Matí;Català;Presencial;0;;Manual;0;;0;0;;;;;;;;;;;;;;;;;;;;;;;
92_17227_11;6;Facultat de Ciències, Tecnologia i Enginyeries;92;Biomedicina;17227;Genòmica Clínica;3;Normal;3;Obligatòria;ESTÀNDARD;Grup Classe en anglès;11; ;44;65;0;65;120;S;2;Torn Matí;Anglès;Presencial;0;;Manual;0;;0;0;;;;;;;;;;;;;;;;;;;;;;;
92_17228_11;6;Facultat de Ciències, Tecnologia i Enginyeries;92;Biomedicina;17228;Disseny Experimental, Bioestadística i Epidemiologia;2;Normal;3;Obligatòria;NO ESTÀNDARD;Grup Classe;11; ;49;65;0;65;40;S;1;Torn Matí;Català;Presencial;0;;Manual;0;;0;0;;;;;;;;;;;;;;;;;;;;;;;
92_17228_1101;6;Facultat de Ciències, Tecnologia i Enginyeries;92;Biomedicina;17228;Disseny Experimental, Bioestadística i Epidemiologia;2;Normal;3;Obligatòria;NO ESTÀNDARD;Laboratori / Taller;1101; ;0;25;0;25;80;S;1;Torn Matí;Català;Presencial;0;;Manual;0;;0;0;;;;;;;;;;;;;;;;;;;;;;;
92_17228_1102;6;Facultat de Ciències, Tecnologia i Enginyeries;92;Biomedicina;17228;Disseny Experimental, Bioestadística i Epidemiologia;2;Normal;3;Obligatòria;NO ESTÀNDARD;Laboratori / Taller;1102; ;0;25;0;25;80;S;1;Torn Matí;Català;Presencial;0;;Manual;0;;0;0;;;;;;;;;;;;;;;;;;;;;;;
92_17229_11;6;Facultat de Ciències, Tecnologia i Enginyeries;92;Biomedicina;17229;Dades Òmiques i Bioinformàtica I;2;Normal;3;Obligatòria;NO ESTÀNDARD;Grup Classe;11; ;48;65;0;65;40;S;2;Torn Matí;Català;Presencial;0;;Manual;0;;0;0;;;;;;;;;;;;;;;;;;;;;;;
92_17229_1101;6;Facultat de Ciències, Tecnologia i Enginyeries;92;Biomedicina;17229;Dades Òmiques i Bioinformàtica I;2;Normal;3;Obligatòria;NO ESTÀNDARD;Laboratori / Taller;1101; ;0;25;0;25;80;S;2;Torn Matí;Català;Presencial;0;;Manual;0;;0;0;;;;;;;;;;;;;;;;;;;;;;;
92_17229_1102;6;Facultat de Ciències, Tecnologia i Enginyeries;92;Biomedicina;17229;Dades Òmiques i Bioinformàtica I;2;Normal;3;Obligatòria;NO ESTÀNDARD;Laboratori / Taller;1102; ;0;25;0;25;80;S;2;Torn Matí;Català;Presencial;0;;Manual;0;;0;0;;;;;;;;;;;;;;;;;;;;;;;
92_17230_11;6;Facultat de Ciències, Tecnologia i Enginyeries;92;Biomedicina;17230;Dades Òmiques i Bioinformàtica II;3;Normal;3;Obligatòria;NO ESTÀNDARD;Grup Classe;11; ;40;65;0;65;40;S;1;Torn Matí;Català;Presencial;0;;Manual;0;;0;0;;;;;;;;;;;;;;;;;;;;;;;
92_17230_1101;6;Facultat de Ciències, Tecnologia i Enginyeries;92;Biomedicina;17230;Dades Òmiques i Bioinformàtica II;3;Normal;3;Obligatòria;NO ESTÀNDARD;Laboratori / Taller;1101; ;0;25;0;25;80;S;1;Torn Matí;Català;Presencial;0;;Manual;0;;0;0;;;;;;;;;;;;;;;;;;;;;;;
92_17230_1102;6;Facultat de Ciències, Tecnologia i Enginyeries;92;Biomedicina;17230;Dades Òmiques i Bioinformàtica II;3;Normal;3;Obligatòria;NO ESTÀNDARD;Laboratori / Taller;1102; ;0;25;0;25;80;S;1;Torn Matí;Català;Presencial;0;;Manual;0;;0;0;;;;;;;;;;;;;;;;;;;;;;;
92_17231_11;6;Facultat de Ciències, Tecnologia i Enginyeries;92;Biomedicina;17231;Cultius Cel·lulars i Enginyeria de Teixits;2;Normal;6;Obligatòria;NO ESTÀNDARD;Grup Classe;11; ;47;65;0;65;200;S;2;Torn Matí;Català;Presencial;0;;Manual;0;;0;0;;;;;;;;;;;;;;;;;;;;;;;
92_17231_1101;6;Facultat de Ciències, Tecnologia i Enginyeries;92;Biomedicina;17231;Cultius Cel·lulars i Enginyeria de Teixits;2;Normal;6;Obligatòria;NO ESTÀNDARD;Laboratori / Taller;1101; ;0;8;0;8;40;S;2;Torn Matí;Català;Presencial;0;;Manual;0;;0;0;;;;;;;;;;;;;;;;;;;;;;;
92_17231_1102;6;Facultat de Ciències, Tecnologia i Enginyeries;92;Biomedicina;17231;Cultius Cel·lulars i Enginyeria de Teixits;2;Normal;6;Obligatòria;NO ESTÀNDARD;Laboratori / Taller;1102; ;0;8;0;8;40;S;2;Torn Matí;Català;Presencial;0;;Manual;0;;0;0;;;;;;;;;;;;;;;;;;;;;;;
92_17231_1103;6;Facultat de Ciències, Tecnologia i Enginyeries;92;Biomedicina;17231;Cultius Cel·lulars i Enginyeria de Teixits;2;Normal;6;Obligatòria;NO ESTÀNDARD;Laboratori / Taller;1103; ;0;8;0;8;40;S;2;Torn Matí;Català;Presencial;0;;Manual;0;;0;0;;;;;;;;;;;;;;;;;;;;;;;
92_17231_1104;6;Facultat de Ciències, Tecnologia i Enginyeries;92;Biomedicina;17231;Cultius Cel·lulars i Enginyeria de Teixits;2;Normal;6;Obligatòria;NO ESTÀNDARD;Laboratori / Taller;1104; ;0;8;0;8;40;S;2;Torn Matí;Català;Presencial;0;;Manual;0;;0;0;;;;;;;;;;;;;;;;;;;;;;;
92_17231_1105;6;Facultat de Ciències, Tecnologia i Enginyeries;92;Biomedicina;17231;Cultius Cel·lulars i Enginyeria de Teixits;2;Normal;6;Obligatòria;NO ESTÀNDARD;Laboratori / Taller;1105; ;0;8;0;8;40;S;2;Torn Matí;Català;Presencial;0;;Manual;0;;0;0;;;;;;;;;;;;;;;;;;;;;;;
92_17231_1106;6;Facultat de Ciències, Tecnologia i Enginyeries;92;Biomedicina;17231;Cultius Cel·lulars i Enginyeria de Teixits;2;Normal;6;Obligatòria;NO ESTÀNDARD;Laboratori / Taller;1106; ;0;8;0;8;40;S;2;Torn Matí;Català;Presencial;0;;Manual;0;;0;0;;;;;;;;;;;;;;;;;;;;;;;
92_17231_1107;6;Facultat de Ciències, Tecnologia i Enginyeries;92;Biomedicina;17231;Cultius Cel·lulars i Enginyeria de Teixits;2;Normal;6;Obligatòria;NO ESTÀNDARD;Laboratori / Taller;1107; ;0;8;0;8;40;S;2;Torn Matí;Català;Presencial;0;;Manual;0;;0;0;;;;;;;;;;;;;;;;;;;;;;;
92_17232_11;6;Facultat de Ciències, Tecnologia i Enginyeries;92;Biomedicina;17232;Laboratori de Cultius Cel·lulars i Enginyeria de Teixits;3;Normal;6;Obligatòria;NO ESTÀNDARD;Grup Classe;11; ;41;65;0;65;40;S;1;Torn Matí;Català;Presencial;0;;Manual;0;;0;0;;;;;;;;;;;;;;;;;;;;;;;
92_17232_1101;6;Facultat de Ciències, Tecnologia i Enginyeries;92;Biomedicina;17232;Laboratori de Cultius Cel·lulars i Enginyeria de Teixits;3;Normal;6;Obligatòria;NO ESTÀNDARD;Laboratori / Taller;1101; ;0;8;0;8;100;S;1;Torn Matí;Català;Presencial;0;;Manual;0;;0;0;;;;;;;;;;;;;;;;;;;;;;;
92_17232_1101;6;Facultat de Ciències, Tecnologia i Enginyeries;92;Biomedicina;17232;Laboratori de Cultius Cel·lulars i Enginyeria de Teixits;3;Normal;6;Obligatòria;NO ESTÀNDARD;Aprenentatge Basat en Casos Clínics / Projectes;1101; ;0;25;0;25;100;S;1;Torn Matí;Català;Presencial;0;;Manual;0;;0;0;;;;;;;;;;;;;;;;;;;;;;;
92_17232_1102;6;Facultat de Ciències, Tecnologia i Enginyeries;92;Biomedicina;17232;Laboratori de Cultius Cel·lulars i Enginyeria de Teixits;3;Normal;6;Obligatòria;NO ESTÀNDARD;Aprenentatge Basat en Casos Clínics / Projectes;1102; ;0;25;0;25;100;S;1;Torn Matí;Català;Presencial;0;;Manual;0;;0;0;;;;;;;;;;;;;;;;;;;;;;;
92_17232_1102;6;Facultat de Ciències, Tecnologia i Enginyeries;92;Biomedicina;17232;Laboratori de Cultius Cel·lulars i Enginyeria de Teixits;3;Normal;6;Obligatòria;NO ESTÀNDARD;Laboratori / Taller;1102; ;0;8;0;8;100;S;1;Torn Matí;Català;Presencial;0;;Manual;0;;0;0;;;;;;;;;;;;;;;;;;;;;;;
92_17232_1103;6;Facultat de Ciències, Tecnologia i Enginyeries;92;Biomedicina;17232;Laboratori de Cultius Cel·lulars i Enginyeria de Teixits;3;Normal;6;Obligatòria;NO ESTÀNDARD;Laboratori / Taller;1103; ;0;8;0;8;100;S;1;Torn Matí;Català;Presencial;0;;Manual;0;;0;0;;;;;;;;;;;;;;;;;;;;;;;
92_17232_1104;6;Facultat de Ciències, Tecnologia i Enginyeries;92;Biomedicina;17232;Laboratori de Cultius Cel·lulars i Enginyeria de Teixits;3;Normal;6;Obligatòria;NO ESTÀNDARD;Laboratori / Taller;1104; ;0;8;0;8;100;S;1;Torn Matí;Català;Presencial;0;;Manual;0;;0;0;;;;;;;;;;;;;;;;;;;;;;;
92_17232_1105;6;Facultat de Ciències, Tecnologia i Enginyeries;92;Biomedicina;17232;Laboratori de Cultius Cel·lulars i Enginyeria de Teixits;3;Normal;6;Obligatòria;NO ESTÀNDARD;Laboratori / Taller;1105; ;0;8;0;8;100;S;1;Torn Matí;Català;Presencial;0;;Manual;0;;0;0;;;;;;;;;;;;;;;;;;;;;;;
92_17232_1106;6;Facultat de Ciències, Tecnologia i Enginyeries;92;Biomedicina;17232;Laboratori de Cultius Cel·lulars i Enginyeria de Teixits;3;Normal;6;Obligatòria;NO ESTÀNDARD;Laboratori / Taller;1106; ;0;8;0;8;100;S;1;Torn Matí;Català;Presencial;0;;Manual;0;;0;0;;;;;;;;;;;;;;;;;;;;;;;
92_17233_11;6;Facultat de Ciències, Tecnologia i Enginyeries;92;Biomedicina;17233;Projecte Integrat I;1;Normal;6;Obligatòria;NO ESTÀNDARD;Grup Classe en anglès;11; ;61;65;50;65;20;S;1;Torn Matí;Anglès;Presencial;0;;Manual;0;;0;0;;;;;;;;;;;;;;;;;;;;;;;
92_17233_1101;6;Facultat de Ciències, Tecnologia i Enginyeries;92;Biomedicina;17233;Projecte Integrat I;1;Normal;6;Obligatòria;NO ESTÀNDARD;Aprenentatge Basat en Casos Clínics / Projectes;1101; ;0;25;50;25;220;S;1;Torn Matí;Anglès;Presencial;0;;Manual;0;;0;0;;;;;;;;;;;;;;;;;;;;;;;
92_17233_1102;6;Facultat de Ciències, Tecnologia i Enginyeries;92;Biomedicina;17233;Projecte Integrat I;1;Normal;6;Obligatòria;NO ESTÀNDARD;Aprenentatge Basat en Casos Clínics / Projectes;1102; ;0;25;50;25;220;S;1;Torn Matí;Anglès;Presencial;0;;Manual;0;;0;0;;;;;;;;;;;;;;;;;;;;;;;
92_17234_11;6;Facultat de Ciències, Tecnologia i Enginyeries;92;Biomedicina;17234;Projecte Integrat II;1;Normal;6;Obligatòria;NO ESTÀNDARD;Grup Classe en anglès;11; ;61;65;50;65;20;S;2;Torn Matí;Anglès;Presencial;0;1001,1002,1003,1009;Manual;0;;0;0;;;;;;;;;;;;;;;;;;;;;;;
92_17234_1101;6;Facultat de Ciències, Tecnologia i Enginyeries;92;Biomedicina;17234;Projecte Integrat II;1;Normal;6;Obligatòria;NO ESTÀNDARD;Aprenentatge Basat en Casos Clínics / Projectes;1101; ;0;30;50;30;140;S;2;Torn Matí;Anglès;Presencial;0;1001,1002,1003,1009;Manual;0;;0;0;;;;;;;;;;;;;;;;;;;;;;;
92_17234_1101;6;Facultat de Ciències, Tecnologia i Enginyeries;92;Biomedicina;17234;Projecte Integrat II;1;Normal;6;Obligatòria;NO ESTÀNDARD;Laboratori / Taller;1101; ;0;16;50;16;80;S;2;Torn Matí;Anglès;Presencial;0;1001,1002,1003,1009;Manual;0;;0;0;;;;;;;;;;;;;;;;;;;;;;;
92_17234_1102;6;Facultat de Ciències, Tecnologia i Enginyeries;92;Biomedicina;17234;Projecte Integrat II;1;Normal;6;Obligatòria;NO ESTÀNDARD;Aprenentatge Basat en Casos Clínics / Projectes;1102; ;0;30;50;30;140;S;2;Torn Matí;Anglès;Presencial;0;1001,1002,1003,1009;Manual;0;;0;0;;;;;;;;;;;;;;;;;;;;;;;
92_17234_1102;6;Facultat de Ciències, Tecnologia i Enginyeries;92;Biomedicina;17234;Projecte Integrat II;1;Normal;6;Obligatòria;NO ESTÀNDARD;Laboratori / Taller;1102; ;0;16;50;16;80;S;2;Torn Matí;Anglès;Presencial;0;1001,1002,1003,1009;Manual;0;;0;0;;;;;;;;;;;;;;;;;;;;;;;
92_17234_1103;6;Facultat de Ciències, Tecnologia i Enginyeries;92;Biomedicina;17234;Projecte Integrat II;1;Normal;6;Obligatòria;NO ESTÀNDARD;Laboratori / Taller;1103; ;0;16;50;16;80;S;2;Torn Matí;Anglès;Presencial;0;1001,1002,1003,1009;Manual;0;;0;0;;;;;;;;;;;;;;;;;;;;;;;
92_17234_1104;6;Facultat de Ciències, Tecnologia i Enginyeries;92;Biomedicina;17234;Projecte Integrat II;1;Normal;6;Obligatòria;NO ESTÀNDARD;Laboratori / Taller;1104; ;0;16;50;16;80;S;2;Torn Matí;Anglès;Presencial;0;1001,1002,1003,1009;Manual;0;;0;0;;;;;;;;;;;;;;;;;;;;;;;
92_17235_11;6;Facultat de Ciències, Tecnologia i Enginyeries;92;Biomedicina;17235;Projecte Integrat III;2;Normal;6;Obligatòria;NO ESTÀNDARD;Grup Classe en anglès;11; ;48;65;0;65;20;S;1;Torn Matí;Anglès;Presencial;0;1001,1002,1003,1009;Manual;0;;0;0;;;;;;;;;;;;;;;;;;;;;;;
92_17235_1101;6;Facultat de Ciències, Tecnologia i Enginyeries;92;Biomedicina;17235;Projecte Integrat III;2;Normal;6;Obligatòria;NO ESTÀNDARD;Laboratori / Taller;1101; ;0;16;0;16;80;S;1;Torn Matí;Anglès;Presencial;0;1001,1002,1003,1009;Manual;0;;0;0;;;;;;;;;;;;;;;;;;;;;;;
92_17235_1101;6;Facultat de Ciències, Tecnologia i Enginyeries;92;Biomedicina;17235;Projecte Integrat III;2;Normal;6;Obligatòria;NO ESTÀNDARD;Aprenentatge Basat en Casos Clínics / Projectes;1101; ;0;30;0;30;140;S;1;Torn Matí;Anglès;Presencial;0;1001,1002,1003,1009;Manual;0;;0;0;;;;;;;;;;;;;;;;;;;;;;;
92_17235_1102;6;Facultat de Ciències, Tecnologia i Enginyeries;92;Biomedicina;17235;Projecte Integrat III;2;Normal;6;Obligatòria;NO ESTÀNDARD;Laboratori / Taller;1102; ;0;16;0;16;80;S;1;Torn Matí;Anglès;Presencial;0;1001,1002,1003,1009;Manual;0;;0;0;;;;;;;;;;;;;;;;;;;;;;;
92_17235_1102;6;Facultat de Ciències, Tecnologia i Enginyeries;92;Biomedicina;17235;Projecte Integrat III;2;Normal;6;Obligatòria;NO ESTÀNDARD;Aprenentatge Basat en Casos Clínics / Projectes;1102; ;0;30;0;30;140;S;1;Torn Matí;Anglès;Presencial;0;1001,1002,1003,1009;Manual;0;;0;0;;;;;;;;;;;;;;;;;;;;;;;
92_17235_1103;6;Facultat de Ciències, Tecnologia i Enginyeries;92;Biomedicina;17235;Projecte Integrat III;2;Normal;6;Obligatòria;NO ESTÀNDARD;Laboratori / Taller;1103; ;0;16;0;16;80;S;1;Torn Matí;Anglès;Presencial;0;1001,1002,1003,1009;Manual;0;;0;0;;;;;;;;;;;;;;;;;;;;;;;
92_17235_1104;6;Facultat de Ciències, Tecnologia i Enginyeries;92;Biomedicina;17235;Projecte Integrat III;2;Normal;6;Obligatòria;NO ESTÀNDARD;Laboratori / Taller;1104; ;0;16;0;16;80;S;1;Torn Matí;Anglès;Presencial;0;1001,1002,1003,1009;Manual;0;;0;0;;;;;;;;;;;;;;;;;;;;;;;
92_17236_11;6;Facultat de Ciències, Tecnologia i Enginyeries;92;Biomedicina;17236;Projecte Integrat IV;2;Normal;6;Obligatòria;NO ESTÀNDARD;Grup Classe en anglès;11; ;47;65;0;65;20;S;2;Torn Matí;Anglès;Presencial;0;1001,1002,1003,1009;Manual;0;;0;0;;;;;;;;;;;;;;;;;;;;;;;
92_17236_1101;6;Facultat de Ciències, Tecnologia i Enginyeries;92;Biomedicina;17236;Projecte Integrat IV;2;Normal;6;Obligatòria;NO ESTÀNDARD;Laboratori / Taller;1101; ;0;30;0;30;220;S;2;Torn Matí;Anglès;Presencial;0;1001,1002,1003,1009;Manual;0;;0;0;;;;;;;;;;;;;;;;;;;;;;;
92_17236_1102;6;Facultat de Ciències, Tecnologia i Enginyeries;92;Biomedicina;17236;Projecte Integrat IV;2;Normal;6;Obligatòria;NO ESTÀNDARD;Laboratori / Taller;1102; ;0;30;0;30;220;S;2;Torn Matí;Anglès;Presencial;0;1001,1002,1003,1009;Manual;0;;0;0;;;;;;;;;;;;;;;;;;;;;;;
92_17237_11;6;Facultat de Ciències, Tecnologia i Enginyeries;92;Biomedicina;17237;Projecte Integrat V;3;Normal;6;Obligatòria;NO ESTÀNDARD;Grup Classe en anglès;11; ;43;65;0;65;20;S;1;Torn Matí;Anglès;Presencial;0;1001,1002,1003,1009;Manual;0;;0;0;;;;;;;;;;;;;;;;;;;;;;;
92_17237_1101;6;Facultat de Ciències, Tecnologia i Enginyeries;92;Biomedicina;17237;Projecte Integrat V;3;Normal;6;Obligatòria;NO ESTÀNDARD;Aprenentatge Basat en Casos Clínics / Projectes;1101; ;0;30;0;30;140;S;1;Torn Matí;Anglès;Presencial;0;;Manual;0;;0;0;;;;;;;;;;;;;;;;;;;;;;;
92_17237_1101;6;Facultat de Ciències, Tecnologia i Enginyeries;92;Biomedicina;17237;Projecte Integrat V;3;Normal;6;Obligatòria;NO ESTÀNDARD;Laboratori / Taller;1101; ;0;16;0;16;80;S;1;Torn Matí;Anglès;Presencial;0;;Manual;0;;0;0;;;;;;;;;;;;;;;;;;;;;;;
92_17237_1102;6;Facultat de Ciències, Tecnologia i Enginyeries;92;Biomedicina;17237;Projecte Integrat V;3;Normal;6;Obligatòria;NO ESTÀNDARD;Laboratori / Taller;1102; ;0;16;0;16;80;S;1;Torn Matí;Anglès;Presencial;0;;Manual;0;;0;0;;;;;;;;;;;;;;;;;;;;;;;
92_17237_1102;6;Facultat de Ciències, Tecnologia i Enginyeries;92;Biomedicina;17237;Projecte Integrat V;3;Normal;6;Obligatòria;NO ESTÀNDARD;Aprenentatge Basat en Casos Clínics / Projectes;1102; ;0;30;0;30;140;S;1;Torn Matí;Anglès;Presencial;0;;Manual;0;;0;0;;;;;;;;;;;;;;;;;;;;;;;
92_17237_1103;6;Facultat de Ciències, Tecnologia i Enginyeries;92;Biomedicina;17237;Projecte Integrat V;3;Normal;6;Obligatòria;NO ESTÀNDARD;Laboratori / Taller;1103; ;0;16;0;16;80;S;1;Torn Matí;Anglès;Presencial;0;;Manual;0;;0;0;;;;;;;;;;;;;;;;;;;;;;;
92_17238_11;6;Facultat de Ciències, Tecnologia i Enginyeries;92;Biomedicina;17238;Projecte Integrat VI;3;Normal;6;Obligatòria;NO ESTÀNDARD;Grup Classe en anglès;11; ;43;65;0;65;20;S;2;Torn Matí;Anglès;Presencial;0;1001,1002,1003,1009;Manual;0;;0;0;;;;;;;;;;;;;;;;;;;;;;;
92_17238_1101;6;Facultat de Ciències, Tecnologia i Enginyeries;92;Biomedicina;17238;Projecte Integrat VI;3;Normal;6;Obligatòria;NO ESTÀNDARD;Aprenentatge Basat en Casos Clínics / Projectes;1101; ;0;30;0;30;140;S;2;Torn Matí;Anglès;Presencial;0;;Manual;0;;0;0;;;;;;;;;;;;;;;;;;;;;;;
92_17238_1101;6;Facultat de Ciències, Tecnologia i Enginyeries;92;Biomedicina;17238;Projecte Integrat VI;3;Normal;6;Obligatòria;NO ESTÀNDARD;Laboratori / Taller;1101; ;0;16;0;16;80;S;2;Torn Matí;Anglès;Presencial;0;;Manual;0;;0;0;;;;;;;;;;;;;;;;;;;;;;;
92_17238_1102;6;Facultat de Ciències, Tecnologia i Enginyeries;92;Biomedicina;17238;Projecte Integrat VI;3;Normal;6;Obligatòria;NO ESTÀNDARD;Laboratori / Taller;1102; ;0;16;0;16;80;S;2;Torn Matí;Anglès;Presencial;0;;Manual;0;;0;0;;;;;;;;;;;;;;;;;;;;;;;
92_17238_1102;6;Facultat de Ciències, Tecnologia i Enginyeries;92;Biomedicina;17238;Projecte Integrat VI;3;Normal;6;Obligatòria;NO ESTÀNDARD;Aprenentatge Basat en Casos Clínics / Projectes;1102; ;0;30;0;30;140;S;2;Torn Matí;Anglès;Presencial;0;;Manual;0;;0;0;;;;;;;;;;;;;;;;;;;;;;;
92_17238_1103;6;Facultat de Ciències, Tecnologia i Enginyeries;92;Biomedicina;17238;Projecte Integrat VI;3;Normal;6;Obligatòria;NO ESTÀNDARD;Laboratori / Taller;1103; ;0;16;0;16;80;S;2;Torn Matí;Anglès;Presencial;0;;Manual;0;;0;0;;;;;;;;;;;;;;;;;;;;;;;
92_17239_11;6;Facultat de Ciències, Tecnologia i Enginyeries;92;Biomedicina;17239;Bioenginyeria i Dispositius Mèdics;4;Normal;6;Optativa;ESTÀNDARD;Grup Classe;11; ;24;45;0;45;240;S;2;Torn Matí;Català;Presencial;0;;Manual;0;;0;0;;;;;;;;;;;;;;;;;;;;;;;
92_17240_11;6;Facultat de Ciències, Tecnologia i Enginyeries;92;Biomedicina;17240;Proteòmica;4;Normal;6;Optativa;NO ESTÀNDARD;Grup Classe;11; ;22;45;0;45;0;S;1;Torn Matí;Català;Presencial;0;;Manual;0;27_17512_11;0;0;;;;;;;;;;;;;;;;;;;;;;;
92_17241_11;6;Facultat de Ciències, Tecnologia i Enginyeries;92;Biomedicina;17241;Bioquímica de la Nutrició;4;Normal;6;Optativa;ESTÀNDARD;Grup Classe;11; ;22;45;0;45;240;S;2;Torn Matí;Català;Presencial;0;;Manual;0;;0;0;;;;;;;;;;;;;;;;;;;;;;;
92_17242_11;6;Facultat de Ciències, Tecnologia i Enginyeries;92;Biomedicina;17242;Reproducció Humana;4;Normal;6;Optativa;ESTÀNDARD;Grup Classe;11; ;29;45;0;45;240;S;2;Torn Matí;Català;Presencial;0;;Manual;0;;0;0;;;;;;;;;;;;;;;;;;;;;;;
92_17246_11;6;Facultat de Ciències, Tecnologia i Enginyeries;92;Biomedicina;17246;Farmacologia i Toxicologia Avançades;4;Normal;6;Optativa;ESTÀNDARD;Grup Classe;11; ;38;45;0;45;240;S;1;Torn Matí;Català;Presencial;0;;Manual;0;;0;0;;;;;;;;;;;;;;;;;;;;;;;
92_17248_11;6;Facultat de Ciències, Tecnologia i Enginyeries;92;Biomedicina;17248;Pràctiques Externes Optatives;4;Pràctiques Curriculars;6;Optativa;PRACT. Externes/Extracurrriculars;Grup Classe;11; ;3;45;0;45;0;S;1;Torn Mixt;Català;Presencial;0;;Manual;0;;0;0;;;;;;;;;;;;;;;;;;;;;;;
92_17248_12;6;Facultat de Ciències, Tecnologia i Enginyeries;92;Biomedicina;17248;Pràctiques Externes Optatives;4;Pràctiques Curriculars;6;Optativa;PRACT. Externes/Extracurrriculars;Grup Classe;12; ;5;45;0;45;0;S;2;Torn Mixt;Català;Presencial;0;;Manual;0;;0;0;;;;;;;;;;;;;;;;;;;;;;;
92_17248_32;6;Facultat de Ciències, Tecnologia i Enginyeries;92;Biomedicina;17248;Pràctiques Externes Optatives;4;Pràctiques Curriculars;6;Optativa;PRACT. Externes/Extracurrriculars;Grup Classe;32; ;3;45;0;45;0;S;2;Torn Mixt;Català;Presencial;0;;Manual;0;;0;0;;;;;;;;;;;;;;;;;;;;;;;
92_17248_1101;6;Facultat de Ciències, Tecnologia i Enginyeries;92;Biomedicina;17248;Pràctiques Externes Optatives;4;Pràctiques Curriculars;6;Optativa;PRACT. Externes/Extracurrriculars;Tutoritzacions de pràctiques externes o de TFG/TFM;1101; ;0;0;0;0;75;S;2;Torn Mixt;Català;Presencial;0;;Manual;0;;0;0;;;;;;;;;;;;;;;;;;;;;;;
92_17249_11;6;Facultat de Ciències, Tecnologia i Enginyeries;92;Biomedicina;17249;Pràctiques Externes;4;Pràctiques Curriculars;6;Pràctiques externes;PRACT. Externes/Extracurrriculars;Grup Classe;11; ;4;65;0;65;0;S;1;Torn Mixt;Català;Presencial;0;;Manual;0;;0;0;;;;;;;;;;;;;;;;;;;;;;;
92_17249_12;6;Facultat de Ciències, Tecnologia i Enginyeries;92;Biomedicina;17249;Pràctiques Externes;4;Pràctiques Curriculars;6;Pràctiques externes;PRACT. Externes/Extracurrriculars;Grup Classe;12; ;3;65;0;65;0;S;2;Torn Mixt;Català;Presencial;0;;Manual;0;;0;0;;;;;;;;;;;;;;;;;;;;;;;
92_17249_32;6;Facultat de Ciències, Tecnologia i Enginyeries;92;Biomedicina;17249;Pràctiques Externes;4;Pràctiques Curriculars;6;Pràctiques externes;PRACT. Externes/Extracurrriculars;Grup Classe;32; ;18;65;0;65;0;S;2;Torn Mixt;Català;Presencial;0;;Manual;0;;0;0;;;;;;;;;;;;;;;;;;;;;;;
92_17249_1101;6;Facultat de Ciències, Tecnologia i Enginyeries;92;Biomedicina;17249;Pràctiques Externes;4;Pràctiques Curriculars;6;Pràctiques externes;PRACT. Externes/Extracurrriculars;Tutoritzacions de pràctiques externes o de TFG/TFM;1101; ;0;65;0;65;75;S;2;Torn Mixt;Català;Presencial;0;;Manual;0;;0;0;;;;;;;;;;;;;;;;;;;;;;;
92_17250_11;6;Facultat de Ciències, Tecnologia i Enginyeries;92;Biomedicina;17250;Treball de Fi de Grau;4;Treball fi de grau;12;Treball de fi de grau;TFG/TFM;Grup Classe;11; ;3;65;0;65;0;S;1;Torn Matí;Català;Presencial;0;;Manual;0;;0;0;;;;;;;;;;;;;;;;;;;;;;;
92_17250_12;6;Facultat de Ciències, Tecnologia i Enginyeries;92;Biomedicina;17250;Treball de Fi de Grau;4;Treball fi de grau;12;Treball de fi de grau;TFG/TFM;Grup Classe;12; ;0;65;0;65;0;S;2;Torn Matí;Català;Presencial;0;;Manual;0;;0;0;;;;;;;;;;;;;;;;;;;;;;;
92_17250_1101;6;Facultat de Ciències, Tecnologia i Enginyeries;92;Biomedicina;17250;Treball de Fi de Grau;4;Treball fi de grau;12;Treball de fi de grau;TFG/TFM;Tutoritzacions de pràctiques externes o de TFG/TFM;1101; ;0;65;0;65;0;S;2;Torn Matí;Català;Presencial;0;;Manual;0;;0;0;;;;;;;;;;;;;;;;;;;;;;;
92_17250_1101;6;Facultat de Ciències, Tecnologia i Enginyeries;92;Biomedicina;17250;Treball de Fi de Grau;4;Treball fi de grau;12;Treball de fi de grau;TFG/TFM;Tribunals de TFG i TFM;1101; ;0;65;0;65;0;S;2;Torn Matí;Català;Presencial;0;;Manual;0;;0;0;;;;;;;;;;;;;;;;;;;;;;;
30_17279_11;6;Facultat de Ciències, Tecnologia i Enginyeries;30;Biologia;17279;Microbiologia Avançada;  ;Normal;6;Optativa;ESTÀNDARD;Grup Classe en anglès;11; ;11;15;0;15;0;S;2;Torn Matí;Anglès;Presencial;0;;Manual;0;27_13116_11;0;0;;;;;;;;;;;;;;;;;;;;;;;
30_17279_40;6;Facultat de Ciències, Tecnologia i Enginyeries;30;Biologia;17279;Microbiologia Avançada;  ;Normal;6;Optativa;ESTÀNDARD;Grup Classe en anglès;40; ;0;5;0;5;0;S;2;Torn Matí;Anglès;Presencial;0;;Manual;0;;0;0;;;;;;;;;;;;;;;;;;;;;;;
27_17512_11;6;Facultat de Ciències, Tecnologia i Enginyeries;27;Biotecnologia;17512;Proteòmica;4;Normal;6;Optativa;NO ESTÀNDARD;Grup Classe;11; ;28;50;0;50;200;S;1;Torn Matí;Català;Presencial;0;;Manual;0;;1;22;92_17240_11;;;;;;;;;;;;;;;;;;;;;;
27_17512_1101;6;Facultat de Ciències, Tecnologia i Enginyeries;27;Biotecnologia;17512;Proteòmica;4;Normal;6;Optativa;NO ESTÀNDARD;Laboratori / Taller;1101; ;0;20;0;20;40;S;1;Torn Matí;Català;Presencial;0;;Manual;0;;0;0;;;;;;;;;;;;;;;;;;;;;;;
27_17512_1102;6;Facultat de Ciències, Tecnologia i Enginyeries;27;Biotecnologia;17512;Proteòmica;4;Normal;6;Optativa;NO ESTÀNDARD;Laboratori / Taller;1102; ;0;20;0;20;40;S;1;Torn Matí;Català;Presencial;0;;Manual;0;;0;0;;;;;;;;;;;;;;;;;;;;;;;
27_17513_11;6;Facultat de Ciències, Tecnologia i Enginyeries;27;Biotecnologia;17513;Biotecnologia Industrial;4;Normal;6;Obligatòria;NO ESTÀNDARD;Grup Classe;11; ;34;55;0;55;160;S;1;Torn Matí;Català;Presencial;0;;Manual;0;;1;0;27_16676_11;;;;;;;;;;;;;;;;;;;;;;
27_17513_1101;6;Facultat de Ciències, Tecnologia i Enginyeries;27;Biotecnologia;17513;Biotecnologia Industrial;4;Normal;6;Obligatòria;NO ESTÀNDARD;Laboratori / Taller;1101; ;0;20;0;20;80;S;1;Torn Matí;Català;Presencial;0;;Manual;0;;0;0;;;;;;;;;;;;;;;;;;;;;;;
27_17513_1102;6;Facultat de Ciències, Tecnologia i Enginyeries;27;Biotecnologia;17513;Biotecnologia Industrial;4;Normal;6;Obligatòria;NO ESTÀNDARD;Laboratori / Taller;1102; ;0;20;0;20;80;S;1;Torn Matí;Català;Presencial;0;;Manual;0;;0;0;;;;;;;;;;;;;;;;;;;;;;;
27_17513_1103;6;Facultat de Ciències, Tecnologia i Enginyeries;27;Biotecnologia;17513;Biotecnologia Industrial;4;Normal;6;Obligatòria;NO ESTÀNDARD;Laboratori / Taller;1103; ;0;20;0;20;80;S;1;Torn Matí;Català;Presencial;0;;Manual;0;;0;0;;;;;;;;;;;;;;;;;;;;;;;
27_17513_1104;6;Facultat de Ciències, Tecnologia i Enginyeries;27;Biotecnologia;17513;Biotecnologia Industrial;4;Normal;6;Obligatòria;NO ESTÀNDARD;Laboratori / Taller;1104; ;0;20;0;20;80;S;1;Torn Matí;Català;Presencial;0;;Manual;0;;0;0;;;;;;;;;;;;;;;;;;;;;;;
27_17514_11;6;Facultat de Ciències, Tecnologia i Enginyeries;27;Biotecnologia;17514;Biotecnologia Ambiental;4;Normal;6;Optativa;ESTÀNDARD;Grup Classe;11; ;14;25;0;25;240;S;1;Torn Matí;Català;Presencial;0;;Manual;0;;0;0;;;;;;;;;;;;;;;;;;;;;;;
93_17554_11;6;Facultat de Ciències, Tecnologia i Enginyeries;93;Health Data Science;17554;Biomedicina per Enginyers;1;Normal;6;Optativa;ESTÀNDARD;Grup Classe;11; ;0;20;0;20;180;S;1;Torn Tarda;Anglès;Online;0;;Manual;0;;0;0;;;;;;;;;;;;;;;;;;;;;;;
93_17554_1101;6;Facultat de Ciències, Tecnologia i Enginyeries;93;Health Data Science;17554;Biomedicina per Enginyers;1;Normal;6;Optativa;ESTÀNDARD;Docència Fora dedicació;1101; ;0;0;0;0;180;S;1;Torn Tarda;Anglès;Online;0;;Manual;0;;0;0;;;;;;;;;;;;;;;;;;;;;;;
93_17555_11;6;Facultat de Ciències, Tecnologia i Enginyeries;93;Health Data Science;17555;Ètica, Regulació i Privacitat;1;Normal;4.5;Obligatòria;ESTÀNDARD;Grup Classe;11; ;0;20;0;20;60;S;2;Torn Tarda;Anglès;Online;0;;Manual;0;;0;0;;;;;;;;;;;;;;;;;;;;;;;
93_17555_1101;6;Facultat de Ciències, Tecnologia i Enginyeries;93;Health Data Science;17555;Ètica, Regulació i Privacitat;1;Normal;4.5;Obligatòria;ESTÀNDARD;Docència Fora dedicació;1101; ;0;0;0;0;60;S;2;Torn Tarda;Anglès;Online;0;;Manual;0;;0;0;;;;;;;;;;;;;;;;;;;;;;;
92_17658_11;6;Facultat de Ciències, Tecnologia i Enginyeries;92;Biomedicina;17658;Bioquímica Clínica;4;Normal;6;Optativa;ESTÀNDARD;Grup Classe en anglès;11; ;39;45;0;45;240;S;1;Torn Matí;Anglès;Presencial;0;;Manual;0;;0;0;;;;;;;;;;;;;;;;;;;;;;;
25_17659_15;6;Facultat de Ciències, Tecnologia i Enginyeries;25;Enginyeria Mecatrònica;17659;Visió per Computador i Sistemes Intel·ligents;4;Normal;6;Optativa;ESTÀNDARD;Grup Classe en anglès;15; ;18;25;0;25;240;S;1;Torn Tarda;Anglès;Presencial;0;1001,1002,1003,1009;Manual;0;;0;0;;;;;;;;;;;;;;;;;;;;;;;
104_17725_15;6;Facultat de Ciències, Tecnologia i Enginyeries;104;Multimèdia. Aplicacions i Videojocs;17725;Física per a Multimèdia;1;Normal;6;Formació bàsica;NO ESTÀNDARD;Grup Classe;15; ;13;45;0;45;120;S;2;Torn Matí;Català;Presencial;0;;Manual;0;;0;0;;;;;;;;;;;;;;;;;;;;;;;
104_17725_1501;6;Facultat de Ciències, Tecnologia i Enginyeries;104;Multimèdia. Aplicacions i Videojocs;17725;Física per a Multimèdia;1;Normal;6;Formació bàsica;NO ESTÀNDARD;Laboratori / Taller;1501; ;0;20;0;20;120;S;2;Torn Matí;Català;Presencial;0;;Manual;0;;0;0;;;;;;;;;;;;;;;;;;;;;;;
104_17725_1502;6;Facultat de Ciències, Tecnologia i Enginyeries;104;Multimèdia. Aplicacions i Videojocs;17725;Física per a Multimèdia;1;Normal;6;Formació bàsica;NO ESTÀNDARD;Laboratori / Taller;1502; ;0;20;0;20;120;S;2;Torn Matí;Català;Presencial;0;;Manual;0;;0;0;;;;;;;;;;;;;;;;;;;;;;;
104_17726_15;6;Facultat de Ciències, Tecnologia i Enginyeries;104;Multimèdia. Aplicacions i Videojocs;17726;Prototipatge Digital i IoT;2;Normal;6;Obligatòria;NO ESTÀNDARD;Grup Classe;15; ;20;45;0;45;120;S;1;Torn Matí;Català;Presencial;0;;Manual;0;;0;0;;;;;;;;;;;;;;;;;;;;;;;
104_17726_1501;6;Facultat de Ciències, Tecnologia i Enginyeries;104;Multimèdia. Aplicacions i Videojocs;17726;Prototipatge Digital i IoT;2;Normal;6;Obligatòria;NO ESTÀNDARD;Laboratori / Taller;1501; ;0;20;0;20;120;S;1;Torn Matí;Català;Presencial;0;;Manual;0;;0;0;;;;;;;;;;;;;;;;;;;;;;;
104_17727_11;6;Facultat de Ciències, Tecnologia i Enginyeries;104;Multimèdia. Aplicacions i Videojocs;17727;Pràctiques Optatives en Empresa I;4;Pràctiques Curriculars;6;Optativa;PRACT. Externes/Extracurrriculars;Grup Classe;11; ;2;25;0;25;0;S;1;Torn Mixt;Català;Presencial;0;;Manual;0;;0;0;;;;;;;;;;;;;;;;;;;;;;;
104_17727_12;6;Facultat de Ciències, Tecnologia i Enginyeries;104;Multimèdia. Aplicacions i Videojocs;17727;Pràctiques Optatives en Empresa I;4;Pràctiques Curriculars;6;Optativa;PRACT. Externes/Extracurrriculars;Grup Classe;12; ;3;25;0;25;0;S;2;Torn Mixt;Català;Presencial;0;;Manual;0;;0;0;;;;;;;;;;;;;;;;;;;;;;;
104_17727_32;6;Facultat de Ciències, Tecnologia i Enginyeries;104;Multimèdia. Aplicacions i Videojocs;17727;Pràctiques Optatives en Empresa I;4;Pràctiques Curriculars;6;Optativa;PRACT. Externes/Extracurrriculars;Grup Classe;32; ;0;25;0;25;0;S;2;Torn Mixt;Català;Presencial;0;;Manual;0;;0;0;;;;;;;;;;;;;;;;;;;;;;;
104_17727_1101;6;Facultat de Ciències, Tecnologia i Enginyeries;104;Multimèdia. Aplicacions i Videojocs;17727;Pràctiques Optatives en Empresa I;4;Pràctiques Curriculars;6;Optativa;PRACT. Externes/Extracurrriculars;Tutoritzacions de pràctiques externes o de TFG/TFM;1101; ;0;0;0;0;0;S;1;Torn Mixt;Català;Presencial;0;;Manual;0;;0;0;;;;;;;;;;;;;;;;;;;;;;;
104_17728_11;6;Facultat de Ciències, Tecnologia i Enginyeries;104;Multimèdia. Aplicacions i Videojocs;17728;Pràctiques Optatives en Empresa II;4;Pràctiques Curriculars;6;Optativa;PRACT. Externes/Extracurrriculars;Grup Classe;11; ;0;25;0;25;0;S;1;Torn Mixt;Català;Presencial;0;;Manual;0;;0;0;;;;;;;;;;;;;;;;;;;;;;;
104_17728_12;6;Facultat de Ciències, Tecnologia i Enginyeries;104;Multimèdia. Aplicacions i Videojocs;17728;Pràctiques Optatives en Empresa II;4;Pràctiques Curriculars;6;Optativa;PRACT. Externes/Extracurrriculars;Grup Classe;12; ;0;25;0;25;0;S;2;Torn Mixt;Català;Presencial;0;;Manual;0;;0;0;;;;;;;;;;;;;;;;;;;;;;;
104_17728_32;6;Facultat de Ciències, Tecnologia i Enginyeries;104;Multimèdia. Aplicacions i Videojocs;17728;Pràctiques Optatives en Empresa II;4;Pràctiques Curriculars;6;Optativa;PRACT. Externes/Extracurrriculars;Grup Classe;32; ;0;25;0;25;0;S;2;Torn Mixt;Català;Presencial;0;;Manual;0;;0;0;;;;;;;;;;;;;;;;;;;;;;;
104_17728_1101;6;Facultat de Ciències, Tecnologia i Enginyeries;104;Multimèdia. Aplicacions i Videojocs;17728;Pràctiques Optatives en Empresa II;4;Pràctiques Curriculars;6;Optativa;PRACT. Externes/Extracurrriculars;Tutoritzacions de pràctiques externes o de TFG/TFM;1101; ;0;0;0;0;0;S;1;Torn Mixt;Català;Presencial;0;;Manual;0;;0;0;;;;;;;;;;;;;;;;;;;;;;;
104_17729_15;6;Facultat de Ciències, Tecnologia i Enginyeries;104;Multimèdia. Aplicacions i Videojocs;17729;Motors de Joc;4;Normal;6;Optativa;NO ESTÀNDARD;Grup Classe;15; ;9;25;0;25;160;S;1;Torn Matí;Català;Presencial;0;;Manual;0;;0;0;;;;;;;;;;;;;;;;;;;;;;;
104_17729_1501;6;Facultat de Ciències, Tecnologia i Enginyeries;104;Multimèdia. Aplicacions i Videojocs;17729;Motors de Joc;4;Normal;6;Optativa;NO ESTÀNDARD;Laboratori / Taller;1501; ;0;24;0;24;80;S;1;Torn Matí;Català;Presencial;0;;Manual;0;;0;0;;;;;;;;;;;;;;;;;;;;;;;
107_17731_51;6;Facultat de Ciències, Tecnologia i Enginyeries;107;Enginyeria de l'Automoció;17731;Anàlisi de Circuits;1;Normal;6;Obligatòria;NO ESTÀNDARD;Grup Classe;51; ;56;75;0;75;180;S;2;Torn Matí;Català;Presencial;0;;Manual;0;;0;0;;;;;;;;;;;;;;;;;;;;;;;
107_17731_5101;6;Facultat de Ciències, Tecnologia i Enginyeries;107;Enginyeria de l'Automoció;17731;Anàlisi de Circuits;1;Normal;6;Obligatòria;NO ESTÀNDARD;Laboratori / Taller;5101; ;0;20;0;20;60;S;2;Torn Matí;Català;Presencial;0;;Manual;0;;0;0;;;;;;;;;;;;;;;;;;;;;;;
107_17731_5102;6;Facultat de Ciències, Tecnologia i Enginyeries;107;Enginyeria de l'Automoció;17731;Anàlisi de Circuits;1;Normal;6;Obligatòria;NO ESTÀNDARD;Laboratori / Taller;5102; ;0;20;0;20;60;S;2;Torn Matí;Català;Presencial;0;;Manual;0;;0;0;;;;;;;;;;;;;;;;;;;;;;;
107_17731_5103;6;Facultat de Ciències, Tecnologia i Enginyeries;107;Enginyeria de l'Automoció;17731;Anàlisi de Circuits;1;Normal;6;Obligatòria;NO ESTÀNDARD;Laboratori / Taller;5103; ;0;20;0;20;60;S;2;Torn Matí;Català;Presencial;0;;Manual;0;;0;0;;;;;;;;;;;;;;;;;;;;;;;
